Tr (°C),BW
25.0845974329,139.06004844504665
25.102021547524412,139.0093673926174
25.119445662148824,138.9601248570011
25.13686977677324,138.91301478587877
25.15429389139765,138.8687311269316
25.17171800602206,138.82796782784067
25.189142120646473,138.791418836287
25.206566235270888,138.7597780999518
25.2239903498953,138.7337395665161
25.24141446451971,138.71399718366106
25.258838579144122,138.70124489906772
25.276262693768537,138.69280029049156
25.29368680839295,138.68493705962106
25.31111092301736,138.67771909647647
25.32853503764177,138.6712176545901
25.345959152266182,138.66550398749425
25.363383266890597,138.66064934872142
25.38080738151501,138.6567249918039
25.39823149613942,138.65380217027405
25.41565561076383,138.65195213766418
25.433079725388247,138.65124614750673
25.450503840012658,138.65705942469796
25.46792795463707,138.67507490359904
25.48535206926148,138.70236874282895
25.502776183885892,138.73596048442917
25.520200298510307,138.7728696704411
25.53762441313472,138.8101158429062
25.55504852775913,138.84471854386598
25.57247264238354,138.87369731536177
25.589896757007956,138.89407169943513
25.607320871632368,138.90286123812743
25.62474498625678,138.9001024770501
25.64216910088119,138.89042092903722
25.659593215505602,138.8754198281832
25.677017330130017,138.85664194221837
25.69444144475443,138.83563003887318
25.71186555937884,138.81392688587795
25.72928967400325,138.79307525096308
25.746713788627666,138.77461790185902
25.764137903252077,138.76009760629606
25.78156201787649,138.75105713200466
25.7989861325009,138.7468124287362
25.816410247125315,138.74362446754307
25.833834361749727,138.7411617831562
25.851258476374138,138.7391918483054
25.86868259099855,138.73748213572054
25.88610670562296,138.73580011813138
25.903530820247376,138.73391326826786
25.920954934871787,138.73158905885967
25.9383790494962,138.72859496263663
25.95580316412061,138.72469845232868
25.973227278745025,138.7169663360845
25.990651393369436,138.70038154263037
26.008075507993848,138.67694498983778
26.02549962261826,138.64890937322917
26.042923737242674,138.61852738832724
26.060347851867085,138.58805173065448
26.077771966491497,138.55973509573343
26.09519608111591,138.53583017908676
26.11262019574032,138.51858967623699
26.130044310364735,138.51026628270662
26.147468424989146,138.51290193586667
26.164892539613557,138.5258716248013
26.18231665423797,138.54679021336023
26.199740768862384,138.57324453445634
26.217164883486795,138.60282142100263
26.234588998111207,138.63310770591218
26.252013112735618,138.66169022209797
26.26943722736003,138.68615580247297
26.286861341984444,138.7040912799502
26.304285456608856,138.71308348744267
26.321709571233267,138.71141080536822
26.33913368585768,138.700877560852
26.356557800482094,138.68358288541864
26.373981915106505,138.66155164701743
26.391406029730916,138.63680871359756
26.408830144355328,138.6113789531083
26.42625425897974,138.5872872334989
26.443678373604154,138.5665584227186
26.461102488228565,138.55121738871662
26.478526602852977,138.54328899944224
26.49595071747739,138.54468392691572
26.513374832101803,138.5551778506071
26.530798946726215,138.5727363936536
26.548223061350626,138.5952721629572
26.565647175975037,138.62069776541986
26.583071290599452,138.64692580794363
26.600495405223864,138.67186889743047
26.617919519848275,138.69343964078234
26.635343634472687,138.70955064490124
26.6527677490971,138.71811451668916
26.670191863721513,138.7144779442194
26.687615978345924,138.68885041929468
26.705040092970336,138.6451027366564
26.722464207594747,138.58851828294902
26.739888322219162,138.52438044481696
26.757312436843574,138.4579726089046
26.774736551467985,138.39457816185646
26.792160666092396,138.33948049031687
26.80958478071681,138.2979629809303
26.827008895341223,138.27530902034113
26.844433009965634,138.27345080734597
26.861857124590045,138.27843256672128
26.879281239214457,138.28711971488391
26.896705353838872,138.2984459143525
26.914129468463283,138.3113448276456
26.931553583087695,138.32475011728187
26.948977697712106,138.3375954457799
26.96640181233652,138.3488144756583
26.983825926960932,138.35734086943563
27.001250041585344,138.36210828963058
27.018674156209755,138.3622167194247
27.036098270834167,138.3583158152753
27.05352238545858,138.35135736918357
27.070946500082993,138.34220997621927
27.088370614707404,138.33174223145198
27.105794729331816,138.32082272995146
27.12321884395623,138.3103200667874
27.140642958580642,138.30110283702942
27.158067073205054,138.29403963574725
27.175491187829465,138.2899990580106
27.192915302453876,138.28947342918764
27.21033941707829,138.29026626813072
27.227763531702703,138.2917152327418
27.245187646327114,138.29363629341142
27.26261176095153,138.29584542052996
27.28003587557594,138.29815858448802
27.297459990200352,138.300391755676
27.314884104824763,138.30236090448443
27.332308219449175,138.30388200130378
27.34973233407359,138.3047710165245
27.367156448698,138.3045998857711
27.384580563322412,138.3012852892783
27.402004677946824,138.29481093376103
27.41942879257124,138.28569796902073
27.43685290719565,138.27446754485888
27.45427702182006,138.26164081107686
27.471701136444473,138.24773891747617
27.489125251068884,138.23328301385826
27.5065493656933,138.21879425002453
27.52397348031771,138.20479377577647
27.541397594942122,138.19142560707033
27.558821709566534,138.1752923810691
27.57624582419095,138.15634896554775
27.59366993881536,138.13571367477152
27.61109405343977,138.11450482300572
27.628518168064183,138.0938407245156
27.645942282688594,138.0748396935664
27.66336639731301,138.05862004442338
27.68079051193742,138.0463000913519
27.698214626561832,138.0389981486171
27.715638741186243,138.0384324171688
27.733062855810658,138.0526238469886
27.75048697043507,138.0808308861649
27.76791108505948,138.11926656081894
27.785335199683892,138.16414389707202
27.802759314308304,138.2116759210454
27.82018342893272,138.25807565886038
27.83760754355713,138.29955613663824
27.85503165818154,138.33233038050022
27.872455772805953,138.35261141656767
27.889879887430368,138.35708547155312
27.90730400205478,138.3519945637639
27.92472811667919,138.3413548418999
27.942152231303602,138.3263746689467
27.959576345928014,138.30826240788986
27.97700046055243,138.28822642171505
27.99442457517684,138.26747507340778
28.01184868980125,138.24721672595368
28.029272804425666,138.22865974233835
28.046696919050078,138.21301248554732
28.06412103367449,138.20139965897616
28.0815451482989,138.19248607653728
28.098969262923312,138.18505105352145
28.116393377547727,138.17863510202665
28.13381749217214,138.17277873415094
28.15124160679655,138.1670224619923
28.16866572142096,138.1609067976488
28.186089836045376,138.15397225321843
28.203513950669787,138.1457593407992
28.2209380652942,138.1358085724891
28.23836217991861,138.12339270515696
28.25578629454302,138.09898552662372
28.273210409167437,138.06087792131058
28.290634523791848,138.0129758677643
28.30805863841626,137.95918534453168
28.32548275304067,137.9034123301594
28.342906867665086,137.8495628031943
28.360330982289497,137.80154274218313
28.37775509691391,137.76325812567265
28.39517921153832,137.73861493220963
28.41260332616273,137.73143467918086
28.430027440787146,137.73893118541974
28.447451555411558,137.7562223367081
28.46487567003597,137.78078498176436
28.48229978466038,137.81009596930673
28.499723899284795,137.8416321480536
28.517148013909207,137.87287036672325
28.53457212853362,137.90128747403398
28.55199624315803,137.92436031870415
28.56942035778244,137.93956574945204
28.586844472406856,137.94441304416569
28.604268587031267,137.9412815367431
28.62169270165568,137.9337133965017
28.63911681628009,137.92283836103724
28.656540930904505,137.9097861679455
28.673965045528917,137.89568655482228
28.691389160153328,137.8816692592634
28.70881327477774,137.86886401886457
28.72623738940215,137.8584005712216
28.743661504026566,137.85140865393032
28.761085618650977,137.84901380616316
28.77850973327539,137.8502332395701
28.795933847899803,137.8533510670425
28.813357962524215,137.8579129791959
28.830782077148626,137.86346466664588
28.848206191773038,137.86955182000796
28.86563030639745,137.87572012989767
28.883054421021864,137.88151528693055
28.900478535646275,137.88648298172214
28.917902650270687,137.89016890488801
28.9353267648951,137.8921187739342
28.952750879519513,137.8930291395236
28.970174994143925,137.8938734996297
28.987599108768336,137.89464495774294
29.005023223392747,137.89533661735382
29.02244733801716,137.89594158195268
29.039871452641574,137.89645295502996
29.057295567265985,137.89686384007615
29.074719681890397,137.8971673405817
29.092143796514808,137.89735656003694
29.109567911139223,137.8974246019324
29.126992025763634,137.88983371193277
29.144416140388046,137.86780282883979
29.161840255012457,137.83448472340507
29.17926436963687,137.7930462329053
29.196688484261283,137.74665419461707
29.214112598885695,137.6984754458169
29.231536713510106,137.65167682378154
29.24896082813452,137.60942516578746
29.266384942758933,137.57488730911135
29.283809057383344,137.55123009102974
29.301233172007755,137.53533214491273
29.318657286632167,137.51990659551078
29.33608140125658,137.50518610183173
29.353505515880993,137.49145467978005
29.370929630505405,137.47899634526016
29.388353745129816,137.46809511417655
29.40577785975423,137.45903500243367
29.423201974378642,137.45210002593595
29.440626089003054,137.44757420058787
29.458050203627465,137.44574154229386
29.475474318251877,137.4485162145928
29.492898432876288,137.45775184388856
29.510322547500703,137.4719247475863
29.527746662125114,137.48946916057744
29.545170776749526,137.50881931775336
29.56259489137394,137.52840945400547
29.580019005998352,137.54667380422515
29.597443120622764,137.56204660330388
29.614867235247175,137.57296208613303
29.632291349871586,137.577854487604
29.649715464495998,137.57765652478207
29.667139579120413,137.5765253249096
29.684563693744824,137.5747629337591
29.701987808369235,137.57256669157317
29.71941192299365,137.57013393859418
29.736836037618062,137.56766201506468
29.754260152242473,137.56534826122711
29.771684266866885,137.56339001732394
29.789108381491296,137.56198462359768
29.80653249611571,137.56132942029075
29.823956610740122,137.5623066158816
29.841380725364534,137.56616175288298
29.858804839988945,137.5722643943174
29.87622895461336,137.5799216612038
29.89365306923777,137.58844067456116
29.911077183862183,137.59712855540837
29.928501298486594,137.60529242476434
29.945925413111006,137.61223940364803
29.96334952773542,137.6172766130784
29.980773642359832,137.61971117407433
29.998197756984244,137.61735627457838
30.01562187160866,137.60684558066092
30.03304598623307,137.5896301531077
30.05047010085748,137.56738592595505
30.067894215481893,137.54178883323937
30.085318330106304,137.51451480899695
30.102742444730715,137.48723978726412
30.12016655935513,137.4616397020772
30.137590673979542,137.43939048747256
30.155014788603953,137.42216807748653
30.172438903228368,137.41027651108166
30.18986301785278,137.4002862750641
30.20728713247719,137.391585614212
30.224711247101602,137.38381074676073
30.242135361726014,137.37659789094556
30.259559476350425,137.36958326500192
30.27698359097484,137.36240308716515
30.29440770559925,137.3546935756705
30.311831820223663,137.3460909487534
30.329255934848078,137.3362314246492
30.34668004947249,137.3240925073857
30.3641041640969,137.30772484404858
30.381528278721312,137.2881656508623
30.398952393345724,137.26668957667374
30.41637650797014,137.24457127032963
30.43380062259455,137.22308538067676
30.45122473721896,137.2035065565619
30.468648851843373,137.18710944683193
30.486072966467788,137.1751687003336
30.5034970810922,137.16895896591362
30.52092119571661,137.16899334403675
30.538345310341022,137.1725404458621
30.555769424965433,137.17858173376374
30.573193539589848,137.18638889808796
30.59061765421426,137.19523362918108
30.60804176883867,137.2043876173894
30.625465883463082,137.21312255305924
30.642889998087497,137.22071012653691
30.66031411271191,137.2264220281687
30.67773822733632,137.22952994830095
30.69516234196073,137.22954169998826
30.712586456585143,137.2273631091158
30.730010571209558,137.2235733290676
30.74743468583397,137.21863669966382
30.76485880045838,137.21301756072475
30.782282915082796,137.20718025207066
30.799707029707207,137.20158911352178
30.81713114433162,137.1967084848983
30.83455525895603,137.19300270602054
30.85197937358044,137.19093611670868
30.869403488204853,137.19111661123137
30.886827602829268,137.19439338809616
30.90425171745368,137.20022336978556
30.92167583207809,137.20788019781472
30.939099946702505,137.21663751369874
30.956524061326917,137.22576895895273
30.973948175951328,137.2345481750918
30.99137229057574,137.242248803631
31.00879640520015,137.24814448608552
31.026220519824562,137.2515088639704
31.043644634448977,137.25168051056687
31.06106874907339,137.24876002073057
31.0784928636978,137.2431026762305
31.095916978322215,137.23502623828531
31.113341092946627,137.22484846811378
31.130765207571038,137.21288712693456
31.14818932219545,137.19945997596642
31.16561343681986,137.18488477642802
31.183037551444276,137.1694792895381
31.200461666068687,137.15356127651538
31.2178857806931,137.1363557799938
31.23530989531751,137.109707070501
31.252734009941925,137.07422901455652
31.270158124566336,137.03281574484095
31.287582239190748,136.98836139403477
31.30500635381516,136.94376009481857
31.32243046843957,136.90190597987296
31.339854583063985,136.86569318187847
31.357278697688397,136.83801583351564
31.374702812312808,136.82176806746503
31.39212692693722,136.8193966677157
31.409551041561635,136.8274993116481
31.426975156186046,136.8430769860265
31.444399270810457,136.86408216014397
31.46182338543487,136.88846730329337
31.47924750005928,136.91418488476776
31.496671614683695,136.9391873738601
31.514095729308107,136.9614272398633
31.531519843932518,136.97885695207037
31.548943958556933,136.9894289797743
31.566368073181344,136.9913832381203
31.583792187805756,136.98739597706927
31.601216302430167,136.97930240773653
31.61864041705458,136.96793365475136
31.63606453167899,136.95412084274312
31.653488646303405,136.93869509634112
31.670912760927816,136.92248754017467
31.688336875552228,136.90632929887312
31.705760990176643,136.8910514970658
31.723185104801054,136.87748525938204
31.740609219425465,136.86630020721512
31.758033334049877,136.85533046559215
31.77545744867429,136.8439107509975
31.7928815632987,136.83238715523458
31.810305677923115,136.82110577010673
31.827729792547526,136.81041268741726
31.845153907171937,136.8006539989695
31.862578021796352,136.79217579656682
31.880002136420764,136.78532417201257
31.897426251045175,136.78044521711004
31.914850365669587,136.7778260495972
31.932274480293998,136.77626034101806
31.949698594918413,136.77507422848714
31.967122709542824,136.77416723820124
31.984546824167236,136.77343889635722
32.00197093879165,136.7727887291517
32.01939505341606,136.77211626278157
32.03681916804047,136.7713210234436
32.054243282664885,136.77030253733452
32.071667397289296,136.7689603306511
32.08909151191371,136.7671714329897
32.10651562653812,136.76406910675533
32.12393974116253,136.75930478261157
32.14136385578695,136.7529527940374
32.15878797041136,136.7450874745119
32.17621208503577,136.735783157514
32.19363619966018,136.7251141765227
32.211060314284595,136.71315486501706
32.228484428909006,136.69997955647602
32.24590854353342,136.6856625843787
32.26333265815783,136.67005938127483
32.28075677278224,136.64137369435647
32.29818088740666,136.59618621342156
32.31560500203107,136.53915776176265
32.33302911665548,136.47494916267235
32.35045323127989,136.40822123944307
32.367877345904304,136.34363481536744
32.385301460528716,136.28585071373797
32.40272557515313,136.2395297578472
32.42014968977754,136.20933277098763
32.43757380440195,136.19988469340365
32.45499791902637,136.2099813440475
32.47242203365078,136.2342506611907
32.48984614827519,136.2690791142337
32.5072702628996,136.31085317257669
32.524694377524014,136.35595930562
32.542118492148425,136.40078398276387
32.55954260677284,136.44171367340869
32.57696672139725,136.4751348469547
32.59439083602166,136.49743397280218
32.61181495064608,136.5050213040901
32.62923906527049,136.50359701938436
32.6466631798949,136.49978222989373
32.66408729451931,136.49382529388154
32.681511409143724,136.48597456961105
32.698935523768135,136.47647841534558
32.71635963839255,136.4655851893484
32.733783753016965,136.4535432498828
32.75120786764137,136.44060095521218
32.76863198226579,136.42700666359968
32.7860560968902,136.41300839180136
32.80348021151461,136.39554572624036
32.82090432613902,136.37224012113003
32.83832844076343,136.34416043478117
32.855752555387845,136.3123755255044
32.873176670012256,136.27795425161054
32.890600784636675,136.2419654714103
32.908024899261086,136.20547804321444
32.9254490138855,136.16956082533366
32.94287312850991,136.13528267607867
32.96029724313432,136.10371245376027
32.97772135775873,136.07177848338242
32.99514547238314,136.03616551641574
33.012569587007555,135.99850524726884
33.029993701631966,135.9604349912184
33.047417816256385,135.92359206354115
33.064841930880796,135.88961377951378
33.08226604550521,135.86013745441298
33.09969016012962,135.8368004035155
33.11711427475403,135.821239942098
33.13453838937844,135.8150933854372
33.15196250400285,135.81666541117673
33.169386618627264,135.8218537174373
33.186810733251676,135.83029229568294
33.204234847876094,135.8416384798048
33.221658962500506,135.85554960369413
33.23908307712492,135.87168300124225
33.25650719174933,135.8896960063403
33.27393130637374,135.90924595287962
33.29135542099815,135.92999017475145
33.30877953562256,135.95158600584702
33.326203650246974,135.98172079677238
33.343627764871385,136.0301474526797
33.361051879495804,136.09206428438978
33.378475994120215,136.16249163860928
33.39590010874463,136.23644986204528
33.41332422336904,136.30895930140466
33.43074833799345,136.37504030339437
33.44817245261786,136.42971321472132
33.46559656724227,136.4679983820925
33.483020681866684,136.48491615221474
33.500444796491095,136.4768520618971
33.517868911115514,136.4465633319873
33.535293025739925,136.39838752604715
33.55271714036434,136.33664950865048
33.57014125498875,136.26567414437133
33.58756536961316,136.18978629778368
33.60498948423757,136.11331083346153
33.62241359886198,136.04057261597876
33.63983771348639,135.97589650990946
33.657261828110805,135.92360737982753
33.67468594273522,135.88150829316908
33.692110057359635,135.83814904024536
33.709534171984046,135.79442743932333
33.72695828660846,135.75171383011684
33.74438240123287,135.71137855233965
33.76180651585728,135.67479194570564
33.77923063048169,135.6433243499285
33.79665474510611,135.61834610472204
33.814078859730515,135.6012275498001
33.83150297435493,135.59333902487643
33.848927088979345,135.5940444127907
33.866351203603756,135.59851121956524
33.88377531822817,135.6056881012512
33.90119943285258,135.6147498016782
33.91862354747699,135.62487106467586
33.9360476621014,135.63522663407383
33.95347177672582,135.6449912537017
33.970895891350224,135.65333966738916
33.98832000597464,135.65944661896577
34.005744120599054,135.6624868522612
34.023168235223466,135.6611463399118
34.04059234984788,135.6541810841029
34.05801646447229,135.64279097216172
34.0754405790967,135.628305130685
34.09286469372111,135.61205268626944
34.11028880834553,135.59536276551174
34.127712922969934,135.57956449500864
34.14513703759435,135.56598700135683
34.162561152218764,135.55595941115305
34.179985266843175,135.55081085099403
34.19740938146759,135.552271270876
34.214833496092,135.56162121918817
34.23225761071641,135.57719866171195
34.24968172534082,135.59715807149632
34.26710583996524,135.61965392159004
34.284529954589644,135.6428406850421
34.30195406921406,135.6648728349014
34.319378183838474,135.68390484421676
34.336802298462885,135.69809118603715
34.3542264130873,135.70558633341142
34.37165052771171,135.7044166918234
34.38907464233612,135.6936735779351
34.40649875696053,135.67477011417327
34.42392287158495,135.6492643260995
34.44134698620935,135.61871423927565
34.45877110083377,135.5846778792632
34.47619521545818,135.54871327162397
34.493619330082595,135.51237844191954
34.511043444707006,135.47723141571163
34.52846755933142,135.4448302185619
34.54589167395583,135.41581708480183
34.56331578858024,135.38677055580428
34.58073990320466,135.3572762663614
34.59816401782906,135.32744838695584
34.61558813245348,135.2974010880702
34.63301224707789,135.26724854018707
34.650436361702305,135.23710491378907
34.667860476326716,135.20708437935875
34.68528459095113,135.1773011073788
34.70270870557554,135.14786926833176
34.72013282019995,135.11816326580905
34.73755693482437,135.0846577460788
34.75498104944878,135.0482669607814
34.77240516407319,135.01063475366584
34.7898292786976,134.97340496848105
34.807253393322014,134.93822144897598
34.824677507946426,134.9067280388996
34.84210162257084,134.88056858200088
34.85952573719525,134.86138692202874
34.87694985181966,134.85082690273222
34.89437396644408,134.84967848668748
34.91179808106849,134.85287569282818
34.9292221956929,134.85868657944968
34.94664631031731,134.86637599119425
34.964070424941724,134.87520877270407
34.981494539566135,134.8844497686214
34.99891865419055,134.8933638235884
35.01634276881496,134.9012157822474
35.03376688343937,134.9072704892405
35.05119099806379,134.91079278921
35.0686151126882,134.910727952816
35.08603922731261,134.90427561160615
35.10346334193702,134.8917921026713
35.120887456561434,134.87433237388456
35.138311571185845,134.852951373119
35.15573568581026,134.8287040482477
35.17315980043467,134.80264534714374
35.19058391505908,134.7758302176802
35.2080080296835,134.74931360773027
35.22543214430791,134.7241504651669
35.24285625893232,134.7007407922137
35.26028037355673,134.6735623134389
35.27770448818114,134.6424699052909
35.295128602805555,134.60914958316783
35.312552717429966,134.57528736246778
35.329976832054385,134.5425692585888
35.34740094667879,134.51268128692905
35.36482506130321,134.48730946288657
35.38224917592762,134.46813980185954
35.39967329055203,134.45685831924592
35.41709740517644,134.4546574955667
35.43452151980085,134.456133998454
35.451945634425265,134.45904856882308
35.469369749049676,134.46301158730176
35.486793863674094,134.4676334345181
35.5042179782985,134.4725244911
35.52164209292292,134.4772951376754
35.53906620754733,134.48155575487232
35.55649032217174,134.48491672331866
35.57391443679615,134.48698842364234
35.59133855142056,134.4874087426991
35.608762666044974,134.48640831358847
35.626186780669386,134.48425907516028
35.643610895293804,134.48110777438734
35.66103500991821,134.4771011582424
35.67845912454263,134.47238597369818
35.69588323916704,134.46710896772757
35.71330735379145,134.4614168873032
35.73073146841586,134.45545647939792
35.74815558304027,134.44937449098444
35.765579697664684,134.44328618868278
35.783003812289095,134.43656671636734
35.800427926913514,134.42893700607627
35.81785204153792,134.42041739763147
35.83527615616234,134.41102823085507
35.85270027078675,134.40078984556908
35.87012438541116,134.38972258159555
35.88754850003557,134.3778467787566
35.90497261465998,134.36518277687418
35.922396729284394,134.35175091577045
35.939820843908805,134.33751786795256
35.957244958533224,134.32078626865862
35.97466907315763,134.30112206571488
35.99209318778205,134.27904868659618
36.00951730240646,134.25508955877754
36.02694141703087,134.22976810973384
36.04436553165528,134.2036077669401
36.06178964627969,134.1771319578712
36.0792137609041,134.1508641100021
36.096637875528515,134.12532765080778
36.11406199015293,134.10099486220426
36.131486104777345,134.07562901304667
36.148910219401756,134.04839571358764
36.16633433402617,134.020119891223
36.18375844865058,133.99162647334856
36.20118256327499,133.96374038736008
36.2186066778994,133.93728656065343
36.23603079252381,133.91308992062432
36.253454907148225,133.8919753946686
36.27087902177264,133.8747679101821
36.288303136397055,133.86227341985318
36.305727251021466,133.85304079175728
36.32315136564588,133.84546593247168
36.34057548027029,133.83914401836384
36.3579995948947,133.83367022580137
36.37542370951911,133.8286397311519
36.39284782414352,133.8236477107829
36.410271938767934,133.818289341062
36.42769605339235,133.81215979835676
36.445120168016764,133.8048542590347
36.462544282641176,133.7959679802347
36.47996839726559,133.78521348543555
36.49739251189,133.77262711154827
36.51481662651441,133.7582983270434
36.53224074113882,133.74231660039146
36.54966485576323,133.72477140006296
36.567088970387644,133.70575219452834
36.58451308501206,133.6853484522582
36.601937199636474,133.66364964172303
36.619361314260885,133.64074523139328
36.6367854288853,133.61672379607901
36.65420954350971,133.58791778579072
36.67163365813412,133.55202736464997
36.68905777275853,133.51084211004783
36.70648188738295,133.46615159937525
36.723906002007354,133.41974541002327
36.74133011663177,133.37341311938286
36.758754231256184,133.32894430484504
36.776178345880595,133.28812854380087
36.79360246050501,133.2527554136413
36.81102657512942,133.22461449175736
36.82845068975383,133.202720677917
36.84587480437824,133.1840665918552
36.86329891900266,133.16785019895678
36.88072303362706,133.153271753935
36.89814714825148,133.13953151150298
36.91557126287589,133.1258297263738
36.932995377500305,133.1113666532606
36.950419492124716,133.09534254687657
36.96784360674913,133.07695766193484
36.98526772137354,133.05541225314852
37.00269183599795,133.02650345408887
37.02011595062237,132.9872399557472
37.03754006524677,132.9405924163658
37.05496417987119,132.88955770581725
37.0723882944956,132.83713269397444
37.089812409120015,132.78631425071015
37.107236523744426,132.7400992458971
37.12466063836884,132.70148454940812
37.14208475299325,132.67346703111596
37.15950886761766,132.6590435608934
37.17693298224208,132.65446250282062
37.19435709686648,132.65038905010843
37.2117812114909,132.64672051589523
37.22920532611531,132.64347391660982
37.246629440739724,132.64066626868117
37.264053555364136,132.63831458853824
37.28147766998855,132.63643589260988
37.29890178461296,132.635047197325
37.31632589923737,132.6341655191125
37.33375001386179,132.63380787440133
37.35117412848619,132.63387859625422
37.36859824311061,132.63415186234457
37.38602235773502,132.6345761494219
37.403446472359434,132.63510409235394
37.420870586983845,132.6356883260085
37.43829470160826,132.63628148525333
37.45571881623267,132.63683620495618
37.47314293085708,132.63730511998483
37.4905670454815,132.637640865207
37.5079911601059,132.6377960754905
37.52541527473032,132.63508287119984
37.54283938935473,132.62451515660987
37.560263503979144,132.60718950066664
37.577687618603555,132.58440140968122
37.59511173322797,132.55744638996467
37.61253584785238,132.52761994782801
37.62995996247679,132.49621758958233
37.64738407710121,132.4645348215387
37.66480819172562,132.4338671500082
37.68223230635003,132.4055100813019
37.69965642097444,132.3788297313749
37.71708053559885,132.35001388906184
37.734504650223265,132.31956336287794
37.751928764847676,132.28820180775142
37.76935287947209,132.25665287861068
37.7867769940965,132.2256402303839
37.80420110872092,132.1958875179994
37.82162522334533,132.16811839638547
37.83904933796974,132.14305652047037
37.85647345259415,132.12142554518238
37.87389756721856,132.10356057986087
37.891321681842975,132.0883962025195
37.908745796467386,132.07523739565937
37.9261699110918,132.06344082642062
37.94359402571621,132.0523631619434
37.96101814034063,132.0413610693678
37.97844225496504,132.0297912158341
37.99586636958945,132.0170102684823
38.01329048421386,132.0023748944527
38.03071459883827,131.98524176088532
38.048138713462684,131.9643994557756
38.065562828087096,131.93800202383653
38.08298694271151,131.90681982683958
38.10041105733592,131.87181544174348
38.11783517196034,131.83395144550715
38.13525928658475,131.79419041508942
38.15268340120916,131.7534949274491
38.17010751583357,131.71282755954505
38.18753163045798,131.6731508883361
38.204955745082394,131.6354274907811
38.222379859706805,131.59879424080216
38.239803974331224,131.5573914921009
38.25722808895563,131.51248522149785
38.27465220358005,131.46612797745968
38.29207631820446,131.42037230845293
38.30950043282887,131.37727076294414
38.32692454745328,131.33887588939993
38.34434866207769,131.30724023628684
38.361772776702104,131.28441635207145
38.379196891326515,131.27245678522036
38.396621005950934,131.2714297718228
38.41404512057534,131.27307430031038
38.431469235199756,131.27594719829568
38.44889334982417,131.27972699461566
38.46631746444858,131.28409221810725
38.48374157907299,131.2887213976074
38.5011656936974,131.29329306195302
38.51858980832181,131.2974857399811
38.536013922946225,131.3009779605286
38.55343803757064,131.30344825243236
38.57086215219505,131.30477746168233
38.588286266819466,131.30589410516265
38.60571038144388,131.30694707642624
38.62313449606829,131.30792140505994
38.6405586106927,131.3088021206505
38.65798272531711,131.3095742527847
38.67540683994152,131.31022283104934
38.692830954565935,131.31073288503123
38.71025506919035,131.3110894443171
38.72767918381476,131.31127753849378
38.745103298439176,131.3098291276852
38.76252741306359,131.29770038576288
38.779951527688,131.27498918851109
38.79737564231241,131.2437001699182
38.81479975693682,131.20583796397267
38.83222387156123,131.1634072046629
38.849647986185644,131.11841252597725
38.86707210081006,131.07285856190416
38.88449621543447,131.02874994643207
38.901920330058886,130.98809131354938
38.9193444446833,130.9518675587706
38.93676855930771,130.91352053125476
38.95419267393212,130.87255729582398
38.97161678855653,130.83028079695958
38.98904090318094,130.7879939791428
39.006465017805354,130.74699978685493
39.02388913242977,130.7086011645772
39.041313247054184,130.67410105679093
39.058737361678595,130.64480240797732
39.07616147630301,130.6220081626177
39.09358559092742,130.60661960701793
39.11100970555183,130.59525174958614
39.12843382017624,130.5862903127259
39.14585793480065,130.57904624087223
39.163282049425064,130.57283047846025
39.18070616404948,130.56695396992484
39.198130278673894,130.56072765970117
39.215554393298305,130.5534624922242
39.23297850792272,130.54446941192901
39.25040262254713,130.53305936325057
39.26782673717154,130.5174530762378
39.28525085179595,130.48464640389017
39.30267496642036,130.43469235932102
39.32009908104477,130.37226920310152
39.33752319566919,130.30205519580284
39.3549473102936,130.2287285979961
39.372371424918015,130.15696767025244
39.389795539542426,130.091450673143
39.40721965416684,130.0368558672388
39.42464376879125,129.99786151311113
39.44206788341566,129.97827736660213
39.45949199804007,129.96682859995792
39.47691611266448,129.95809520564518
39.4943402272889,129.95133656822415
39.51176434191331,129.94581207225514
39.529188456537725,129.94078110229844
39.546612571162136,129.93550304291426
39.56403668578655,129.92923727866295
39.58146080041096,129.92124319410476
39.59888491503537,129.91078017379994
39.61630902965979,129.89611183257253
39.63373314428419,129.85616652116857
39.65115725890861,129.78852905372807
39.66858137353302,129.70091660420243
39.686005488157434,129.60104634654311
39.703429602781846,129.49663545470145
39.72085371740626,129.395401102629
39.73827783203067,129.30506046427703
39.75570194665508,129.23333071359707
39.7731260612795,129.18792902454052
39.7905501759039,129.1758655344366
39.80797429052832,129.17960372815534
39.82539840515273,129.18776000855755
39.842822519777144,129.19917829510422
39.860246634401555,129.21270250725627
39.87767074902597,129.2271765644746
39.89509486365038,129.24144438622025
39.91251897827479,129.2543498919541
39.92994309289921,129.26473700113706
39.94736720752361,129.27144963323008
39.96479132214803,129.27337115864313
39.98221543677244,129.2716973684523
39.999639551396854,129.26761261403956
40.017063666021265,129.2613018959547
40.03448778064568,129.25295021474744
40.05191189527009,129.24274257096755
40.0693360098945,129.2308639651647
40.08676012451892,129.21749939788867
40.10418423914332,129.20283386968927
40.12160835376774,129.18705238111613
40.13903246839215,129.1702122323927
40.15645658301656,129.140830439426
40.173880697640975,129.09435389210367
40.191304812265386,129.0350312412689
40.2087289268898,128.96711113776493
40.22615304151421,128.89484223243497
40.24357715613863,128.82247317612217
40.26100127076303,128.7542526196698
40.27842538538745,128.694429213921
40.29584950001186,128.6472516097191
40.31327361463627,128.6169330975499
40.330697729260685,128.5974645597331
40.348121843885096,128.58151935796778
40.36554595850951,128.5682704404846
40.38297007313392,128.55689075551425
40.40039418775834,128.54655325128735
40.41781830238274,128.53643087603464
40.43524241700716,128.52569657798674
40.45266653163157,128.51352330537435
40.47009064625598,128.49908400642812
40.487514760880394,128.4815510953077
40.504938875504806,128.4590631703172
40.52236299012922,128.43116856743185
40.53978710475363,128.3989982200207
40.55721121937805,128.36368306145266
40.57463533400246,128.32635402509686
40.59205944862687,128.28814204432234
40.60948356325128,128.25017805249803
40.62690767787569,128.21359298299296
40.644331792500104,128.1795177691762
40.661755907124515,128.14908334441674
40.67918002174893,128.12216215594975
40.69660413637334,128.09737926913502
40.71402825099776,128.07414685723188
40.73145236562217,128.0518777486862
40.74887648024658,128.02998477194376
40.76630059487099,128.0078807554504
40.7837247094954,127.98497852765202
40.801148824119814,127.96069091699444
40.818572938744225,127.93443075192346
40.83599705336864,127.90561086088499
40.85342116799305,127.87255646203744
40.870845282617466,127.83440650702144
40.88826939724188,127.79241782843631
40.90569351186629,127.74785501492391
40.9231176264907,127.70198265512602
40.94054174111511,127.65606533768444
40.95796585573952,127.61136765124105
40.975389970363935,127.56915418443761
40.992814084988346,127.53068952591596
41.01023819961276,127.49723826431793
41.027662314237176,127.46892161648128
41.04508642886159,127.44398855658197
41.062510543486,127.42156829095588
41.07993465811041,127.40080483094273
41.09735877273482,127.38084218788221
41.11478288735923,127.36082437311401
41.132207001983645,127.3398953979778
41.14963111660806,127.31719927381329
41.16705523123247,127.29188001196017
41.184479345856886,127.26308162375813
41.20190346048129,127.22855965062742
41.21932757510571,127.18642256918848
41.23675168973012,127.13835630375874
41.25417580435453,127.08610898192966
41.27159991897894,127.03142873129269
41.289024033603354,126.97606367943929
41.30644814822777,126.92176195396095
41.32387226285218,126.87027168244917
41.341296377476596,126.82334099249536
41.35872049210101,126.78271801169103
41.37614460672542,126.74845885562522
41.39356872134983,126.71745857233475
41.41099283597424,126.68896178848843
41.42841695059865,126.66231003970175
41.445841065223064,126.63684486159022
41.46326517984748,126.6119077897693
41.48068929447189,126.58684035985456
41.498113409096305,126.56098410746142
41.51553752372072,126.53368056820544
41.53296163834513,126.50427127770209
41.55038575296954,126.47258008325932
41.56780986759395,126.43953881800147
41.58523398221836,126.40533205519962
41.602658096842774,126.37009844310751
41.62008221146719,126.33397662997882
41.6375063260916,126.29710526406733
41.654930440716015,126.25962299362665
41.672354555340426,126.2216684669106
41.68977866996484,126.18338033217285
41.70720278458925,126.14489723766708
41.72462689921366,126.10597609561559
41.74205101383808,126.06574726754617
41.75947512846248,126.02445425153869
41.7768992430869,125.98241090970846
41.794323357711306,125.93993110417094
41.811747472335725,125.89732869704144
41.829171586960136,125.85491755043539
41.84659570158455,125.81301152646819
41.86401981620896,125.77192448725519
41.88144393083337,125.73197029491182
41.89886804545779,125.69292652937081
41.91629216008219,125.65335893632181
41.93371627470661,125.61353564989759
41.951140389331016,125.57387126481811
41.968564503955434,125.53478037580332
41.985988618579846,125.49667757757322
42.00341273320426,125.45997746484777
42.02083684782867,125.42509463234693
42.03826096245308,125.39244367479068
42.0556850770775,125.36243918689895
42.0731091917019,125.33517439975313
42.09053330632632,125.30955433033945
42.107957420950726,125.2853059595222
42.125381535575144,125.2622699613919
42.142805650199556,125.24028701003907
42.16022976482397,125.2191977795542
42.17765387944838,125.19884294402782
42.19507799407279,125.17906317755046
42.21250210869721,125.1596991542126
42.22992622332161,125.14059154810482
42.24735033794603,125.1218964453665
42.264774452570435,125.10478079599415
42.282198567194854,125.08895574974109
42.299622681819265,125.07393973426454
42.31704679644368,125.05925117722171
42.33447091106809,125.04440850626983
42.3518950256925,125.02893014906608
42.36931914031692,125.01233453326766
42.38674325494132,124.99414008653183
42.40416736956574,124.97386523651572
42.421591484190145,124.95113807134202
42.439015598814564,124.92621774543136
42.456439713438975,124.89905996876801
42.47386382806339,124.8695426016773
42.4912879426878,124.83754350448469
42.50871205731221,124.80294053751557
42.52613617193663,124.7656115610954
42.54356028656103,124.72543443554959
42.56098440118545,124.68228702120352
42.578408515809855,124.63604717838268
42.59583263043427,124.58386898226368
42.613256745058685,124.51007892178745
42.630680859683096,124.4174932936579
42.64810497430751,124.31248853130323
42.66552908893192,124.20144106815171
42.68295320355634,124.09072733763156
42.70037731818074,123.98672377317115
42.71780143280516,123.89580680819861
42.735225547429565,123.82435287614233
42.75264966205398,123.77873841043044
42.770073776678394,123.76217361390333
42.787497891302806,123.7533883525671
42.80492200592722,123.7467245436603
42.82234612055163,123.74161750117436
42.83977023517605,123.73750253910066
42.85719434980045,123.73381497143065
42.87461846442487,123.72999011215569
42.89204257904928,123.72546327526726
42.90946669367369,123.71966977475671
42.926890808298104,123.71204492461551
42.944314922922516,123.701278973736
42.96173903754693,123.68042338611275
42.97916315217134,123.6498311365091
42.99658726679576,123.61191190994167
43.01401138142016,123.56907539142723
43.03143549604458,123.52373126598242
43.04885961066899,123.47828921862394
43.0662837252934,123.43515893436854
43.083707839917814,123.39675009823287
43.101131954542225,123.36547239523365
43.118556069166644,123.34325561190559
43.13598018379105,123.32564456849377
43.15340429841547,123.31046667080015
43.17082841303987,123.29711229839958
43.18825252766429,123.28497183086688
43.2056766422887,123.27343564777689
43.22310075691311,123.26189412870445
43.240524871537524,123.2497376532244
43.257948986161935,123.23635660091155
43.275373100786354,123.22114135134075
43.29279721541076,123.20357194377324
43.310221330035176,123.18459958992497
43.32764544465958,123.16449722694877
43.345069559284,123.14306691669462
43.36249367390841,123.12011072101258
43.37991778853282,123.09543070175259
43.39734190315723,123.06882892076467
43.414766017781645,123.04010743989883
43.43219013240606,123.00906832100507
43.44961424703047,122.97551362593342
43.467038361654886,122.9388565552904
43.48446247627929,122.89125150501506
43.50188659090371,122.83192972979504
43.51931070552812,122.76387280977129
43.53673482015253,122.6900623250847
43.55415893477694,122.61347985587615
43.571583049401355,122.53710698228656
43.58900716402577,122.46392528445679
43.60643127865018,122.39691634252782
43.623855393274596,122.33906173664042
43.641279507899,122.29314905964226
43.65870362252342,122.2551204225323
43.67612773714783,122.22147938738031
43.69355185177224,122.19118805495782
43.71097596639665,122.16320852603631
43.728400081021064,122.13650290138733
43.74582419564548,122.11003328178239
43.76324831026989,122.08276176799299
43.780672424894306,122.05365046079066
43.79809653951871,122.02166146094692
43.81552065414313,121.9857953750151
43.83294476876754,121.9471275545838
43.85036888339195,121.90654217147801
43.86779299801636,121.86399082092377
43.885217112640774,121.81942509814716
43.90264122726519,121.77279659837426
43.9200653418896,121.72405691683119
43.937489456514015,121.67315764874392
43.95491357113842,121.62005038933864
43.97233768576284,121.56468673384134
43.98976180038725,121.50688746981227
44.00718591501166,121.43597547140199
44.02461002963607,121.34912923437031
44.042034144260484,121.2519193266027
44.0594582588849,121.1499163159846
44.07688237350931,121.0486907704016
44.094306488133725,120.95381325773903
44.11173060275813,120.87085434588248
44.12915471738255,120.80538460271731
44.14657883200696,120.7629745961291
44.16400294663137,120.74911768749033
44.18142706125578,120.7505763738843
44.19885117588019,120.75420211864483
44.21627529050461,120.75944661329784
44.233699405129016,120.76576154936926
44.251123519753435,120.77259861838499
44.268547634377846,120.779409511871
44.28597174900226,120.78564592135318
44.30339586362667,120.79075953835746
44.32081997825108,120.79420205440981
44.33824409287549,120.79541741134335
44.3556682074999,120.78185152065427
44.37309232212432,120.74547665377611
44.390516436748726,120.69071985959926
44.407940551373144,120.62200818701393
44.425364665997556,120.54376868491055
44.44278878062197,120.46042840217936
44.46021289524638,120.3764143877107
44.47763700987079,120.29615369039489
44.4950611244952,120.22407335912222
44.51248523911961,120.16460044278303
44.52990935374403,120.11407172490502
44.547333468368436,120.06523586946282
44.564757582992854,120.01804606108938
44.582181697617266,119.97245858755157
44.59960581224168,119.92842973661605
44.61702992686609,119.88591579604959
44.6344540414905,119.8448730536189
44.65187815611492,119.8052577970907
44.66930227073932,119.76702631423183
44.68672638536374,119.73013489280888
44.704150499988145,119.69547142731103
44.721574614612564,119.66372631459959
44.738998729236975,119.63411953271235
44.75642284386139,119.60586598150681
44.7738469584858,119.57818056084062
44.79127107311021,119.5502781705713
44.80869518773463,119.52137371055646
44.82611930235903,119.49068208065368
44.84354341698345,119.45741818072054
44.860967531607855,119.42079691061461
44.878391646232274,119.38084686792955
44.895815760856685,119.33841916221232
44.913239875481096,119.29342120339611
44.93066399010551,119.24574921849592
44.94808810472992,119.19529943452679
44.96551221935434,119.1419680785037
44.98293633397874,119.08565137744175
45.00036044860316,119.02624555835585
45.017784563227565,118.96364684826113
45.03520867785198,118.89775147417252
45.052632792476395,118.82011988962854
45.070056907100806,118.7198588400749
45.08748102172522,118.60357824614279
45.10490513634963,118.4782002699823
45.12232925097405,118.35064707374352
45.13975336559845,118.22784081957667
45.15717748022287,118.11670366963169
45.174601594847275,118.02415778605888
45.19202570947169,117.9571253310082
45.209449824096104,117.92252846662986
45.226873938720516,117.91437929602735
45.24429805334493,117.90890568835684
45.26172216796934,117.90489133833265
45.27914628259376,117.90188736529831
45.29657039721816,117.8994448885973
45.31399451184258,117.89711502757308
45.331418626466984,117.89444890156919
45.3488427410914,117.89099762992913
45.366266855715814,117.88631233199638
45.383690970340226,117.87994412711441
45.40111508496464,117.86437415315842
45.41853919958905,117.82478072402795
45.43596331421347,117.76515454420363
45.45338742883787,117.69029378502756
45.47081154346229,117.60499661784158
45.488235658086694,117.51406121398784
45.50565977271111,117.4222857448082
45.523083887335524,117.33446838164477
45.540508001959935,117.25540729583952
45.55793211658435,117.18990065873439
45.57535623120876,117.13931164059069
45.59278034583318,117.09564569010395
45.61020446045758,117.05678837136892
45.627628575082,117.02111554761093
45.645052689706404,116.98700308205531
45.66247680433082,116.95282683792738
45.679900918955234,116.9169626784525
45.697325033579645,116.877786466856
45.714749148204056,116.83367406636319
45.73217326282847,116.78300134019945
45.749597377452886,116.72111799433688
45.76702149207729,116.6394199960707
45.78444560670171,116.54182277038929
45.80186972132612,116.43314306589619
45.81929383595053,116.31819763119474
45.83671795057494,116.20180321488832
45.854142065199355,116.0887765655803
45.871566179823766,115.98393443187412
45.88899029444818,115.8920935623731
45.906414409072596,115.81807070568065
45.923838523697,115.7633670868945
45.94126263832142,115.71725228364683
45.95868675294583,115.6770806451918
45.97611086757024,115.64131794558776
45.99353498219465,115.60842995889307
46.010959096819064,115.57688245916607
46.02838321144348,115.54514122046513
46.04580732606789,115.5116720168486
46.063231440692306,115.47494062237483
46.08065555531671,115.43341281110223
46.09807966994113,115.38535570173902
46.11550378456554,115.32967711626554
46.13292789918995,115.26789201619151
46.15035201381436,115.20172489292743
46.167776128438774,115.13290023788373
46.18520024306319,115.06314254247084
46.2026243576876,114.99417629809933
46.220048472312016,114.92772599617955
46.23747258693642,114.86551612812204
46.25489670156084,114.80927118533717
46.27232081618525,114.76032560810512
46.28974493080966,114.7171118723051
46.30716904543407,114.67808964881196
46.324593160058484,114.64191718932766
46.3420172746829,114.60725274555412
46.35944138930731,114.57275456919335
46.376865503931725,114.53708091194717
46.39428961855613,114.49889002551765
46.41171373318055,114.45684016160664
46.42913784780496,114.40958957191611
46.44656196242937,114.35493226068951
46.46398607705378,114.28751360438396
46.481410191678194,114.20905387179982
46.49883430630261,114.1224578146491
46.51625842092702,114.03063018464394
46.533682535551435,113.93647573349627
46.55110665017584,113.8428992129183
46.56853076480026,113.75280537462193
46.58595487942467,113.66909897031933
46.60337899404908,113.59468475172251
46.62080310867349,113.53169026638611
46.6382272232979,113.475558918953
46.65565133792232,113.42407198478848
46.673075452546726,113.37608501868995
46.690499567171145,113.33045357545448
46.70792368179555,113.28603320987948
46.72534779641997,113.24167947676209
46.74277191104438,113.19624793089962
46.76019602566879,113.1485941270893
46.7776201402932,113.09757362012837
46.79504425491761,113.04218693711823
46.81246836954203,112.98321767015837
46.829892484166436,112.92142378872454
46.847316598790854,112.85731640330017
46.86474071341526,112.79140662436889
46.88216482803968,112.7242055624141
46.89958894266409,112.65622432791938
46.9170130572885,112.5879740313682
46.93443717191291,112.5199657832441
46.95186128653732,112.45271069403059
46.96928540116174,112.38667662338091
46.986709515786146,112.32159900012378
47.004133630410564,112.25705810627926
47.02155774503497,112.19272823030279
47.03898185965939,112.12828366064969
47.0564059742838,112.06339868577541
47.07383008890821,111.99774759413533
47.09125420353262,111.93100467418479
47.10867831815703,111.86284421437925
47.12610243278145,111.79294050317404
47.143526547405855,111.72076065732578
47.160950662030274,111.6433048562924
47.178374776654685,111.56097317879565
47.1957988912791,111.47544023966178
47.21322300590351,111.38838065371715
47.23064712052792,111.301469035788
47.24807123515233,111.21638000070067
47.26549534977674,111.13478816328143
47.28291946440116,111.05836813835656
47.300343579025565,110.98879454075245
47.317767693649984,110.92778280261852
47.335191808274395,110.87672236546702
47.352615922898806,110.83368499563052
47.37004003752322,110.79599795537807
47.38746415214763,110.76098850697868
47.40488826677204,110.7259839127014
47.42231238139645,110.68831143481528
47.43973649602087,110.64529833558932
47.457160610645275,110.59427187729258
47.47458472526969,110.53255932219405
47.492008839894105,110.45669804454579
47.509432954518516,110.34205760568499
47.52685706914293,110.18108871497566
47.54428118376734,109.97799256223996
47.56170529839176,109.73697033729988
47.57912941301616,109.46222322997784
47.59655352764058,109.15795243009546
47.613977642264985,108.82835912747538
47.6314017568894,108.47764451193913
47.648825871513814,108.11000977330926
47.666249986138226,107.72859185394117
47.68367410076264,107.28907564707855
47.70109821538705,106.77221203526817
47.71852233001147,106.18613801343784
47.73594644463587,105.53899057651638
47.75337055926029,104.83890671943078
47.770794673884694,104.09402343711025
47.78821878850911,103.31247772448165
47.805642903133524,102.50240657647397
47.823067017757936,101.67194698801497
47.84049113238235,100.82862890782889
47.85791524700676,99.93055778940364
47.87533936163118,98.95591202342177
47.89276347625558,97.91548851380928
47.91018759088,96.82008416448926
47.927611705504404,95.68049587938827
47.94503582012882,94.50752056242925
47.962459934753234,93.31195511753833
47.979884049377645,92.1045964486399
47.99730816400206,90.89624145965868
48.01473227862647,89.69748513402833
48.03215639325089,88.47840855064163
48.04958050787529,87.2184326517975
48.06700462249971,85.92719661876703
48.084428737124114,84.61433963282549
48.10185285174853,83.28950087524385
48.119276966372944,81.96231952729687
48.136701080997355,80.64243477025718
48.154125195621766,79.33948578539794
48.17154931024618,78.06311175399223
48.188973424870596,76.82292484687194
48.206397539495,75.59677328429146
48.22382165411942,74.36472268221968
48.24124576874382,73.13448390860366
48.25866988336824,71.91376783138641
48.27609399799265,70.71028531851445
48.293518112617065,69.53174723793238
48.310942227241476,68.3858644575852
48.32836634186589,67.28034784541795
48.345790456490306,66.2229082693753
48.36321457111471,65.22125659740347
48.38063868573913,64.24637846161338
48.39806280036353,63.26992627585658
48.41548691498795,62.30405481237867
48.43291102961236,61.36092761597734
48.450335144236774,60.452708231448646
48.467759258861186,59.59156020358906
48.4851833734856,58.789647077195085
48.502607488110016,58.05913239706289
48.52003160273442,57.412179707989814
48.53745571735884,56.86095255477125
48.55487983198324,56.373429900263986
48.57230394660766,55.90177046807716
48.58972806123207,55.45110785083939
48.607152175856484,55.02675343761522
48.624576290480896,54.63401861746938
48.64200040510531,54.27821477946658
48.659424519729725,53.964653312671444
48.67684863435413,53.69864560614906
48.69427274897855,53.48550304896371
48.71169686360296,53.330537030180416
48.72912097822737,53.21698892600268
48.74654509285178,53.113978394950514
48.763969207476194,53.020837080581614
48.781393322100605,52.937193264346526
48.79881743672502,52.86267522769579
48.816241551349435,52.79691125207994
48.83366566597384,52.73952961894958
48.85108978059826,52.690158609755194
48.86851389522267,52.64842650594736
48.88593800984708,52.61396158897663
48.90336212447149,52.58536733708203
48.920786239095904,52.56038010596619
48.93821035372032,52.538408582875164
48.955634468344726,52.51889303598983
48.973058582969145,52.50127373349098
48.99048269759355,52.4849909435595
49.00790681221797,52.46948493437623
49.02533092684238,52.454195974122
49.04275504146679,52.43856433097766
49.0601791560912,52.42203027312408
49.07760327071561,52.40453505266201
49.09502738534003,52.38691737838669
49.112451499964436,52.36934196323098
49.129875614588855,52.351948230174294
49.14729972921326,52.33487560219612
49.16472384383768,52.318263502275876
49.18214795846209,52.30225135339301
49.1995720730865,52.28697857852698
49.21699618771091,52.272584600657225
49.23442030233532,52.25920884276318
49.25184441695974,52.246878067063705
49.269268531584146,52.23532975828757
49.286692646208564,52.22443332943154
49.30411676083297,52.214067045280316
49.32154087545739,52.20410917061856
49.3389649900818,52.194437970230936
49.35638910470621,52.18493170890211
49.37381321933062,52.17546865141677
49.39123733395503,52.16592706255956
49.40866144857945,52.15618520711514
49.426085563203856,52.14578477913643
49.443509677828274,52.1340086996429
49.46093379245268,52.121357921949084
49.4783579070771,52.10839701504084
49.49578202170151,52.095690547904034
49.51320613632592,52.083803089524544
49.53063025095033,52.0732992088882
49.54805436557474,52.064743474980894
49.56547848019916,52.05870045678846
49.582902594823565,52.05573472329679
49.600326709447984,52.05625698398993
49.61775082407239,52.05975710478869
49.63517493869681,52.065539587161105
49.65259905332122,52.07292399672044
49.67002316794563,52.08122989907993
49.68744728257004,52.08977685985285
49.70487139719445,52.097884444652436
49.72229551181887,52.10487221909195
49.739719626443275,52.11005974878464
49.757143741067694,52.112766599343765
49.7745678556921,52.110610972917506
49.791991970316516,52.09789496142507
49.80941608494093,52.07647872707846
49.82684019956534,52.04892153720667
49.84426431418975,52.0177826591387
49.86168842881416,51.98562136020355
49.87911254343858,51.95499690773023
49.896536658062985,51.92846856904776
49.9139607726874,51.908595611485104
49.93138488731181,51.8979373023713
49.948809001936226,51.897139221338904
49.96623311656064,51.899010576476556
49.98365723118505,51.90222736866822
50.00108134580946,51.90639901881282
50.01850546043387,51.91113494780931
50.03592957505829,51.916044576556615
50.053353689682694,51.92073732595369
50.07077780430711,51.92482261689946
50.088201918931524,51.9279098702929
50.105626033555936,51.92960850703291
50.12305014818035,51.92700988671342
50.14047426280476,51.90818141993054
50.15789837742917,51.87510464792518
50.17532249205358,51.831862238427476
50.192746606678,51.78253685916758
50.210170721302404,51.731211177875686
50.22759483592682,51.681967862281866
50.245018950551234,51.638889580116334
50.262443065175646,51.60605899910923
50.27986717980006,51.587558786990684
50.29729129442447,51.58515219900046
50.31471540904888,51.58665165553748
50.33213952367329,51.58934760082873
50.34956363829771,51.59290158247614
50.366987752922114,51.59697514808162
50.38441186754653,51.60122984524709
50.401835982170944,51.60532722157447
50.419260096795355,51.60892882466569
50.43668421141977,51.611696202122644
50.45410832604418,51.613290901547266
50.4715324406686,51.613349129736655
50.488956555293,51.61152808000719
50.50638066991742,51.60796634926254
50.523804784541824,51.602871147798595
50.54122889916624,51.59644968591122
50.558653013790654,51.58890917389629
50.576077128415065,51.5804568220497
50.593501243039476,51.5712998406673
50.61092535766389,51.56164544004499
50.628349472288306,51.55170083047862
50.64577358691271,51.54129211231698
50.66319770153713,51.52727535863411
50.68062181616153,51.5096280365832
50.69804593078595,51.489248865454286
50.71547004541036,51.46703656453746
50.732894160034775,51.4438898531228
50.750318274659186,51.42070745050035
50.7677423892836,51.398388075960185
50.785166503908016,51.37783044879237
50.80259061853242,51.35993328828699
50.82001473315684,51.34543722097139
50.83743884778124,51.33300590249006
50.85486296240566,51.321856951021495
50.87228707703007,51.31165871686369
50.889711191654484,51.30207955031459
50.907135306278896,51.292787801672134
50.92455942090331,51.283451821234294
50.941983535527726,51.27373995929901
50.95940765015213,51.26332056616427
50.97683176477655,51.25186199212798
50.99425587940095,51.23902588578453
51.01167999402537,51.224560273543624
51.02910410864978,51.20868545032953
51.046528223274194,51.19170709152679
51.063952337898606,51.1739308725199
51.08137645252302,51.1556624686934
51.098800567147435,51.137207555431814
51.11622468177184,51.118871808119664
51.13364879639626,51.10096090214146
51.15107291102066,51.08378051288175
51.16849702564508,51.06751997439945
51.18592114026949,51.05023140845665
51.203345254893904,51.031661300506826
51.220769369518315,51.01252294807024
51.23819348414273,50.99352964866716
51.255617598767145,50.97539469981786
51.27304171339155,50.95883139904262
51.29046582801597,50.94455304386171
51.30788994264037,50.93327293179542
51.32531405726479,50.925704360363994
51.3427381718892,50.92245479679801
51.360162286513614,50.92100197142055
51.377586401138025,50.91993408403687
51.395010515762436,50.91914869253109
51.412434630386855,50.918543354787296
51.42985874501126,50.91801562868959
51.44728285963568,50.91746307212208
51.46470697426008,50.91678324296887
51.4821310888845,50.915873699114066
51.49955520350891,50.91463199844176
51.51697931813332,50.91276520704127
51.534403432757735,50.90241202166594
51.551827547382146,50.88136965405143
51.569251662006565,50.85223035458751
51.58667577663097,50.81758637366398
51.60409989125539,50.78002996167058
51.6215240058798,50.74215336899712
51.63894812050421,50.70654884603338
51.65637223512862,50.67580864316913
51.67379634975303,50.65252501079415
51.691220464377444,50.63920376860011
51.708644579001856,50.631161846365885
51.726068693626274,50.624342700377284
51.74349280825068,50.61851711398857
51.7609169228751,50.61345587055399
51.77834103749951,50.60892975342784
51.79576515212392,50.60470954596435
51.81318926674833,50.6005660315178
51.83061338137274,50.59626999344246
51.84803749599716,50.59159221509258
51.865461610621566,50.586308466772614
51.882885725245984,50.58107424452837
51.90030983987039,50.57630916476919
51.91773395449481,50.571779887940615
51.93515806911922,50.56725307448818
51.95258218374363,50.562495384857414
51.97000629836804,50.55727347949384
51.98743041299245,50.55135401884303
52.00485452761687,50.54450366335049
52.022278642241275,50.536489073461766
52.039702756865694,50.5270672808311
52.0571268714901,50.50838497101338
52.07455098611452,50.47622913638787
52.09197510073893,50.43423022095123
52.10939921536334,50.38601866870003
52.12682332998775,50.33522492363089
52.14424744461216,50.2854794297404
52.16167155923658,50.24041263102515
52.179095673860985,50.2036549714818
52.1965197884854,50.17883689510689
52.21394390310981,50.16958884589706
52.231368017734226,50.16953628875045
52.24879213235864,50.169498994301115
52.26621624698305,50.169472451616095
52.28364036160746,50.16945311978783
52.30106447623187,50.16943745790876
52.31848859085629,50.16942192507131
52.335912705480695,50.16940298036795
52.35333682010511,50.16937708289109
52.37076093472952,50.16934069173319
52.388185049353936,50.169290265986696
52.40560916397835,50.16815375957601
52.42303327860276,50.16471220267507
52.44045739322717,50.159127762241226
52.45788150785158,50.15156634954649
52.475305622476,50.142193875862844
52.492729737100404,50.131176252462325
52.51015385172482,50.118679390616904
52.52757796634923,50.10486920159861
52.545002080973646,50.08991159667942
52.56242619559806,50.073972487131364
52.57985031022247,50.05189664675391
52.59727442484688,50.017184104295076
52.61469853947129,49.97176022924275
52.63212265409571,49.91761989918126
52.649546768720114,49.85675799169508
52.66697088334453,49.791169384368466
52.68439499796894,49.72284895478592
52.701819112593355,49.65379158053169
52.71924322721777,49.58599213919023
52.73666734184218,49.5214455083459
52.75409145646659,49.461686721124416
52.771515571091,49.40561158348295
52.78893968571542,49.351181225102664
52.806363800339824,49.2963558767747
52.82378791496424,49.23909576929004
52.84121202958865,49.17736113343985
52.858636144213065,49.1091122000151
52.87606025883748,49.032309199806924
52.89348437346189,48.944912363606385
52.9109084880863,48.844881922204536
52.92833260271071,48.7182462379284
52.94575671733513,48.5435427240665
52.963180831959534,48.32615513066423
52.98060494658395,48.07218136000922
52.99802906120836,47.787719314389726
53.015453175832775,47.47886689609363
53.032877290457186,47.151722007408885
53.0503014050816,46.81238255062348
53.06772551970601,46.466946428025395
53.08514963433042,46.12151154190258
53.10257374895484,45.766228310428374
53.11999786357924,45.37100155812992
53.13742197820366,44.942322141912726
53.15484609282807,44.4882236720301
53.172270207452485,44.01673975873469
53.189694322076896,43.535904012279296
53.20711843670131,43.05375004291673
53.22454255132572,42.578311460899805
53.24196666595013,42.11762187648133
53.25939078057455,41.67971489991392
53.27681489519895,41.25986607310135
53.29423900982337,40.83058803079196
53.31166312444778,40.3963106348969
53.329087239072194,39.963398256943904
53.346511353696606,39.53821526846095
53.36393546832102,39.127126040975995
53.381359582945436,38.736494946016805
53.39878369756984,38.372686355111824
53.41620781219426,38.04206463978837
53.43363192681866,37.75099417157497
53.45105604144308,37.4945055644472
53.46848015606749,37.242025468592594
53.485904270691904,36.99525986155072
53.503328385316316,36.75854546984092
53.52075249994073,36.53621901998259
53.538176614565145,36.332617238495
53.55560072918955,36.15207685189775
53.57302484381397,35.998934586709936
53.59044895843837,35.87752716945116
53.60787307306279,35.792191326640605
53.6252971876872,35.73967863120366
53.642721302311614,35.69417259030647
53.660145416936025,35.65304383979059
53.67756953156044,35.616219717519854
53.694993646184855,35.5836275613581
53.71241776080926,35.555194709169214
53.72984187543368,35.530848498816994
53.74726599005808,35.510516268165325
53.7646901046825,35.494125355078026
53.78211421930691,35.481603097418954
53.799538333931324,35.47231151688371
53.816962448555735,35.463776695248654
53.834386563180146,35.45580269710157
53.851810677804565,35.4484879701303
53.86923479242897,35.44193096202275
53.88665890705339,35.4362301204668
53.90408302167779,35.431483893150315
53.92150713630221,35.427790727761185
53.93893125092662,35.42524907198728
53.95635536555103,35.42395737351649
53.973779480175445,35.42430449997252
53.991203594799856,35.42761447287814
54.008627709424275,35.43351921434141
54.02605182404868,35.44141078222627
54.0434759386731,35.45068123439671
54.0609000532975,35.460722628716674
54.07832416792192,35.47092702305013
54.09574828254633,35.48068647526104
54.11317239717074,35.489393043213354
54.130596511795154,35.496438784771065
54.148020626419566,35.501561026539235
54.165444741043984,35.5064634819758
54.18286885566839,35.511359453378624
54.20029297029281,35.51611590053577
54.21771708491721,35.52059978323535
54.23514119954163,35.5246780612654
54.25256531416604,35.52821769441402
54.26998942879045,35.53108564246927
54.287413543414864,35.53314886521923
54.304837658039276,35.53427432245197
54.322261772663694,35.534035153809306
54.3396858872881,35.5304433362435
54.35711000191252,35.52384210206039
54.37453411653692,35.51507315738379
54.39195823116134,35.50497820833741
54.40938234578575,35.49439896104506
54.42680646041016,35.48417712163047
54.444230575034574,35.47515439621742
54.461654689658985,35.46817249092967
54.479078804283404,35.464073111890976
54.49650291890781,35.46413668595572
54.51392703353223,35.472294314781685
54.53135114815664,35.4876875522577
54.54877526278105,35.5083179443638
54.56619937740546,35.53218703708001
54.58362349202987,35.55729637638634
54.601047606654284,35.58164750826283
54.618471721278695,35.60324197868949
54.63589583590311,35.620081333646354
54.65331995052752,35.63016711911342
54.670744065151936,35.63212892906868
54.68816817977635,35.631788361225325
54.70559229440076,35.63107491633529
54.72301640902517,35.63001657765085
54.74044052364958,35.62864132842435
54.75786463827399,35.62697715190807
54.775288752898405,35.625052031354336
54.79271286752282,35.622893950015445
54.81013698214723,35.620530891143716
54.827561096771646,35.61799083799144
54.84498521139606,35.61513986662395
54.86240932602047,35.60980650770841
54.87983344064488,35.60181944523841
54.89725755526929,35.591848612227814
54.91468166989371,35.580563941690464
54.932105784518114,35.56863536664026
54.94952989914253,35.556732820091035
54.96695401376694,35.54552623505668
54.984378128391356,35.53568554455102
55.00180224301577,35.52788068158796
55.01922635764018,35.522667208045114
55.03665047226459,35.518315480245285
55.054074586889,35.51409258233915
55.07149870151342,35.51008077931338
55.088922816137824,35.506362336154616
55.10634693076224,35.50301951784953
55.12377104538665,35.50013458938477
55.141195160011065,35.497789815747005
55.15861927463548,35.496067461922905
55.17604338925989,35.495049792899124
55.1934675038843,35.4950743313881
55.21089161850871,35.50265518672777
55.22831573313313,35.51891592049068
55.245739847757534,35.541573259965666
55.26316396238195,35.56834393244161
55.28058807700636,35.596944665207296
55.298012191630775,35.62509218555162
55.31543630625519,35.650503220763404
55.3328604208796,35.67089449813149
55.35028453550401,35.68398274494472
55.36770865012842,35.68759112498819
55.38513276475284,35.68457448323543
55.402556879377244,35.6776795798243
55.41998099400166,35.6676600264199
55.437405108626066,35.65526943468738
55.454829223250485,35.641261416291854
55.472253337874896,35.62638958289847
55.48967745249931,35.61140754617233
55.50710156712372,35.59706891777859
55.52452568174813,35.58412730938235
55.54194979637255,35.57330116855995
55.55937391099695,35.56275236398018
55.57679802562137,35.55141581672903
55.594222140245776,35.53974555538265
55.611646254870195,35.5281956085171
55.629070369494606,35.51722000470854
55.64649448411902,35.50727277253305
55.66391859874343,35.49880794056675
55.68134271336784,35.49227953738575
55.69876682799226,35.488141591566155
55.71619094261666,35.48687060447843
55.73361505724108,35.492021205203194
55.751039171865486,35.504607195951756
55.768463286489904,35.52274007306775
55.785887401114316,35.54453133289478
55.80331151573873,35.56809247177645
55.82073563036314,35.59153498605638
55.83815974498755,35.612970372078195
55.85558385961197,35.63051012618551
55.87300797423637,35.64226574472192
55.89043208886079,35.64635181538634
55.9078562034852,35.643485498085646
55.925280318109614,35.636099600714196
55.942704432734025,35.62532900836241
55.96012854735844,35.6123086061207
55.97755266198285,35.59817327907946
55.99497677660726,35.58405791232913
56.01240089123168,35.5710973909601
56.02982500585608,35.56042660006279
56.0472491204805,35.5531804247276
56.06467323510491,35.550493750044964
56.082097349729324,35.55247556169344
56.099521464353735,35.55789513182499
56.11694557897815,35.565898905027865
56.13436969360256,35.57563334368998
56.15179380822697,35.58624491019924
56.16921792285139,35.59688006694357
56.18664203747579,35.60668527631086
56.20406615210021,35.61480700068904
56.22149026672462,35.620391702466016
56.23891438134903,35.622585844029686
56.256338495973445,35.618624642563
56.273762610597856,35.60705114850557
56.291186725222275,35.58971637468789
56.30861083984668,35.56847782540329
56.3260349544711,35.54519300494504
56.3434590690955,35.52171941760648
56.36088318371992,35.49991456768086
56.37830729834433,35.48163595946152
56.39573141296874,35.468741097241754
56.413155527593155,35.46308748531486
56.430579642217566,35.46252964261382
56.448003756841985,35.4620647436291
56.46542787146639,35.461651556633434
56.48285198609081,35.46129062975067
56.50027610071521,35.460982511104696
56.51770021533963,35.46072774881935
56.53512432996404,35.46052689101851
56.55254844458845,35.46038048582606
56.569972559212864,35.46028908136582
56.587396673837276,35.46025322576169
56.604820788461694,35.4627113390753
56.6222449030861,35.470953480634506
56.63966901771052,35.483643556743765
56.65709313233492,35.49937546895067
56.67451724695934,35.51674311880285
56.69194136158375,35.53434040784789
56.70936547620816,35.550761237633395
56.726789590832574,35.564599509706966
56.744213705456986,35.57444912561622
56.761637820081404,35.57890398690875
56.77906193470581,35.57889492091244
56.79648604933023,35.578387952978936
56.81391016395463,35.57750978259587
56.83133427857905,35.5762733813156
56.84875839320346,35.574691720690545
56.86618250782787,35.57277777227306
56.883606622452284,35.570544507615544
56.901030737076695,35.56800489827038
56.918454851701114,35.56517191578995
56.93587896632552,35.56205853172665
56.95330308094994,35.55464357475073
56.97072719557434,35.53524086385515
56.98815131019876,35.50644683413379
57.00557542482317,35.47124906766805
57.02299953944758,35.43263514653926
57.040423654071994,35.39359265282878
57.057847768696405,35.35710916861797
57.07527188332082,35.32617227598818
57.09269599794523,35.30376955702077
57.110120112569646,35.2928885937971
57.12754422719405,35.29434390452035
57.14496834181847,35.3031193722783
57.16239245644287,35.31751160536724
57.17981657106729,35.336077818312226
57.19724068569171,35.357375225638265
57.214664800316115,35.37996104187038
57.23208891494053,35.40239248153363
57.24951302956494,35.42322675915301
57.266937144189356,35.44102108925358
57.28436125881376,35.45433268636034
57.30178537343818,35.46326736939238
57.31920948806258,35.47180772955547
57.336633602687,35.48009844789896
57.35405771731142,35.48795790321393
57.371481831935824,35.49520447429151
57.38890594656024,35.501656539922806
57.40633006118465,35.507132478898896
57.423754175809066,35.51145067001092
57.44117829043347,35.514429492049956
57.45860240505789,35.51588732380712
57.47602651968229,35.51569416264572
57.49345063430671,35.51408090309607
57.51087474893113,35.5113757253634
57.528298863555534,35.507900781735906
57.54572297817995,35.503978224501736
57.56314709280436,35.499930205949106
57.580571207428775,35.49607887836617
57.59799532205318,35.49274639404112
57.6154194366776,35.490254905262134
57.63284355130202,35.48892656431739
57.65026766592642,35.48927055905043
57.66769178055084,35.49203629463773
57.685115895175244,35.4967684426447
57.70254000979966,35.50289448504435
57.71996412442407,35.50984190380966
57.737388239048485,35.517038180913595
57.75481235367289,35.52391079832916
57.77223646829731,35.52988723802934
57.78966058292173,35.53439498198711
57.80708469754613,35.536861512175456
57.82450881217055,35.53575293435726
57.841932926794954,35.52661859477482
57.85935704141937,35.51065115564724
57.876781156043776,35.48981420803586
57.894205270668195,35.46607134300192
57.9116293852926,35.44138615160675
57.92905349991702,35.41772222491158
57.946477614541436,35.39704315397772
57.96390172916584,35.38131252986647
57.98132584379026,35.37249394363908
57.99874995841466,35.371362970497465
58.01617407303908,35.37192948973342
58.033598187663486,35.37301373720701
58.051022302287905,35.37456323699151
58.06844641691231,35.37652551316017
58.08587053153673,35.37884808978626
58.103294646161146,35.38147849094303
58.12071876078555,35.38436424070375
58.13814287540997,35.387452863141675
58.15556699003437,35.390691882330074
58.17299110465879,35.39417481585217
58.190415219283196,35.39887332374057
58.207839333907614,35.40483216539369
58.22526344853202,35.41187580501686
58.24268756315644,35.41982870681543
58.260111677780856,35.42851533499471
58.27753579240526,35.437760153760024
58.29495990702968,35.44738762731672
58.31238402165408,35.45722221987013
58.3298081362785,35.467088395625595
58.347232250902906,35.47711343765151
58.364656365527324,35.48959606996345
58.38208048015173,35.504330690369436
58.39950459477615,35.52042716693814
58.416928709400565,35.5369953677382
58.43435282402497,35.55314516083823
58.45177693864939,35.56798641430691
58.46920105327379,35.58062899621286
58.48662516789821,35.59018277462474
58.504049282522615,35.59575761761119
58.521473397147034,35.59628208892619
58.53889751177144,35.589640840403014
58.55632162639586,35.576790358939036
58.573745741020275,35.55942678366317
58.59116985564468,35.539246253704356
58.6085939702691,35.517944908191474
58.6260180848935,35.497218886253485
58.64344219951792,35.47876432701927
58.660866314142325,35.46427736961777
58.67829042876674,35.455454153177875
58.69571454339115,35.45370788642863
58.713138658015566,35.456020871863714
58.730562772639985,35.46063425497469
58.74798688726439,35.46692731828707
58.76541100188881,35.474279344326405
58.78283511651321,35.48206961561821
58.80025923113763,35.48967741468801
58.817683345762035,35.49648202406134
58.83510746038645,35.50186272626375
58.85253157501086,35.50519880382075
58.869955689635276,35.505723810343575
58.887379804259695,35.50061208311971
58.9048039188841,35.49007601365137
58.92222803350852,35.475561608779145
58.93965214813292,35.45851487534371
58.95707626275734,35.44038182018564
58.974500377381744,35.422608450145624
58.99192449200616,35.40664077206424
59.00934860663058,35.39392479278214
59.026772721254986,35.38590651913995
59.044196835879404,35.384109147753804
59.06162095050381,35.39112794432387
59.07904506512823,35.406120571408835
59.09646917975263,35.42698670832969
59.11389329437705,35.451626034407504
59.131317409001454,35.47793822896324
59.14874152362587,35.50382297131797
59.16616563825029,35.52717994079269
59.183589752874695,35.5459088167084
59.201013867499114,35.55790927838615
59.21843798212352,35.561186559587334
59.23586209674794,35.55850760213609
59.25328621137234,35.552557715988705
59.27071032599676,35.54418832666613
59.288134440621164,35.53425085968933
59.30555855524558,35.52359674057926
59.32298266987,35.51307739485688
59.340406784494405,35.50354424804316
59.357830899118824,35.49584872565905
59.37525501374323,35.49084225322552
59.39267912836765,35.48940934325235
59.41010324299205,35.49409571761496
59.42752735761647,35.50495885782264
59.444951472240874,35.52040965411037
59.46237558686529,35.53885899671316
59.47979970148971,35.558717775866015
59.497223816114115,35.578396881803904
59.51464793073853,35.59630720476186
59.53207204536294,35.61085963497486
59.549496159987356,35.62046506267791
59.56692027461176,35.623541068902725
59.58434438923618,35.62001962899882
59.60176850386058,35.61146228615805
59.619192618485,35.5991497364629
59.63661673310942,35.58436267599584
59.654040847733825,35.56838180083937
59.67146496235824,35.552487807075934
59.68888907698265,35.537961390788034
59.706313191607066,35.52608324805813
59.72373730623147,35.51813407496869
59.74116142085589,35.515390811807336
59.75858553548029,35.51689464038974
59.77600965010471,35.52111255554776
59.79343376472913,35.527981230657275
59.810857879353534,35.53743733909417
59.82828199397795,35.54941755423434
59.84570610860236,35.56385854945364
59.863130223226776,35.58069699812799
59.88055433785118,35.599869573633235
59.8979784524756,35.62131294934529
59.9154025671,35.644963798640006
