Tr (°C),BW_smooth
25.0845974329,139.08556782833995
25.102021547524412,139.03794566015372
25.119445662148824,138.99187913831094
25.13686977677324,138.94775182581287
25.15429389139765,138.90594728566074
25.17171800602206,138.86684908085576
25.189142120646473,138.8308407743992
25.206566235270888,138.79830592929227
25.2239903498953,138.7696281085362
25.24141446451971,138.74519087513224
25.258838579144122,138.7253777920816
25.276262693768537,138.70831940547254
25.29368680839295,138.69167348813437
25.31111092301736,138.6757544570158
25.32853503764177,138.66088176245566
25.345959152266182,138.64737485479267
25.363383266890597,138.63555318436556
25.38080738151501,138.6257362015131
25.39823149613942,138.61824335657406
25.41565561076383,138.61339409988713
25.433079725388247,138.6115078817911
25.450503840012658,138.61654564391685
25.46792795463707,138.63223386034412
25.48535206926148,138.65610323794616
25.502776183885892,138.68564461284302
25.520200298510307,138.71834882115488
25.53762441313472,138.75170669900174
25.55504852775913,138.78320908250382
25.57247264238354,138.81034680778114
25.589896757007956,138.83061071095386
25.607320871632368,138.8414916281421
25.62474498625678,138.84521583389093
25.64216910088119,138.84854194759387
25.659593215505602,138.8515595578396
25.677017330130017,138.85424920263594
25.69444144475443,138.8565914199907
25.71186555937884,138.85856674791165
25.72928967400325,138.86015572440664
25.746713788627666,138.86133888748347
25.764137903252077,138.86209677514987
25.78156201787649,138.8624099254137
25.7989861325009,138.85897363208625
25.816410247125315,138.84650779749805
25.833834361749727,138.8267931717947
25.851258476374138,138.80178150671247
25.86868259099855,138.77342455398775
25.88610670562296,138.7436740653568
25.903530820247376,138.71448179255603
25.920954934871787,138.68779948732174
25.9383790494962,138.6655789013903
25.95580316412061,138.64977178649795
25.973227278745025,138.63958158300102
25.990651393369436,138.62983634452578
26.008075507993848,138.62049794254992
26.02549962261826,138.61174782678142
26.042923737242674,138.60376744692823
26.060347851867085,138.59673825269815
26.077771966491497,138.5908416937992
26.09519608111591,138.58625921993922
26.11262019574032,138.58317228082623
26.130044310364735,138.58176232616802
26.147468424989146,138.5827971422313
26.164892539613557,138.5874753946993
26.18231665423797,138.595020867767
26.199740768862384,138.6045631161263
26.217164883486795,138.61523169446906
26.234588998111207,138.6261561574873
26.252013112735618,138.63646605987284
26.26943722736003,138.6452909563177
26.286861341984444,138.65176040151374
26.304285456608856,138.65500395015292
26.321709571233267,138.6552065750571
26.33913368585768,138.65514696718526
26.356557800482094,138.65503807861188
26.373981915106505,138.65488093970424
26.391406029730916,138.65467658082972
26.408830144355328,138.65442603235564
26.42625425897974,138.65413032464937
26.443678373604154,138.6537904880783
26.461102488228565,138.65340755300974
26.478526602852977,138.65298254981104
26.49595071747739,138.65220376556044
26.513374832101803,138.65000690802302
26.530798946726215,138.6464174791232
26.548223061350626,138.64156428699062
26.565647175975037,138.6355761397548
26.583071290599452,138.62858184554537
26.600495405223864,138.62071021249193
26.617919519848275,138.61209004872407
26.635343634472687,138.60285016237137
26.6527677490971,138.5931193615635
26.670191863721513,138.58153429155104
26.687615978345924,138.5626730300977
26.705040092970336,138.5376665206574
26.722464207594747,138.50839723894632
26.739888322219162,138.47674766068073
26.757312436843574,138.44460026157685
26.774736551467985,138.41383751735083
26.792160666092396,138.38634190371897
26.80958478071681,138.36399589639745
26.827008895341223,138.34868197110248
26.844433009965634,138.3409278161258
26.861857124590045,138.33504808383964
26.879281239214457,138.3300301865384
26.896705353838872,138.32571559967556
26.914129468463283,138.32194579870463
26.931553583087695,138.31856225907907
26.948977697712106,138.31540645625242
26.96640181233652,138.31231986567815
26.983825926960932,138.30914396280977
27.001250041585344,138.3057202231008
27.018674156209755,138.30193840936317
27.036098270834167,138.29800658787764
27.05352238545858,138.2940167967318
27.070946500082993,138.29002249153294
27.088370614707404,138.28607712788843
27.105794729331816,138.28223416140568
27.12321884395623,138.27854704769197
27.140642958580642,138.27506924235468
27.158067073205054,138.2718542010012
27.175491187829465,138.26895537923886
27.192915302453876,138.2663693225409
27.21033941707829,138.26375151208762
27.227763531702703,138.26110012694625
27.245187646327114,138.25849479011
27.26261176095153,138.25601512457206
27.28003587557594,138.25374075332556
27.297459990200352,138.25175129936372
27.314884104824763,138.2501263856797
27.332308219449175,138.24894563526667
27.34973233407359,138.24828867111785
27.367156448698,138.24824883476848
27.384580563322412,138.24894326492293
27.402004677946824,138.2502457655681
27.41942879257124,138.25198792191256
27.43685290719565,138.25400131916476
27.45427702182006,138.25611754253325
27.471701136444473,138.2581681772266
27.489125251068884,138.25998480845325
27.5065493656933,138.26139902142177
27.52397348031771,138.26224240134061
27.541397594942122,138.26199031684146
27.558821709566534,138.2570414473716
27.57624582419095,138.2474965133397
27.59366993881536,138.23461272003468
27.61109405343977,138.2196472727455
27.628518168064183,138.2038573767611
27.645942282688594,138.18850023737048
27.66336639731301,138.17483305986252
27.68079051193742,138.1641130495262
27.698214626561832,138.15759741165047
27.715638741186243,138.156249449778
27.733062855810658,138.156862119074
27.75048697043507,138.15817065545966
27.76791108505948,138.1601171251887
27.785335199683892,138.16264359451483
27.802759314308304,138.16569212969188
27.82018342893272,138.16920479697356
27.83760754355713,138.17312366261362
27.85503165818154,138.17739079286585
27.872455772805953,138.18194825398396
27.889879887430368,138.18698145939982
27.90730400205478,138.1965205876828
27.92472811667919,138.21092582150578
27.942152231303602,138.2287697103669
27.959576345928014,138.24862480376433
27.97700046055243,138.26906365119626
27.99442457517684,138.28865880216085
28.01184868980125,138.30598280615635
28.029272804425666,138.3196082126809
28.046696919050078,138.32810757123264
28.06412103367449,138.32994459632758
28.0815451482989,138.3217693088864
28.098969262923312,138.30394171275935
28.116393377547727,138.27835276797327
28.13381749217214,138.24689343455498
28.15124160679655,138.21145467253143
28.16866572142096,138.17392744192938
28.186089836045376,138.13620270277573
28.203513950669787,138.10017141509732
28.2209380652942,138.067724538921
28.23836217991861,138.04057295182105
28.25578629454302,138.0136508072748
28.273210409167437,137.98474931627942
28.290634523791848,137.95503150441579
28.30805863841626,137.92566039726475
28.32548275304067,137.89779902040706
28.342906867665086,137.8726103994236
28.360330982289497,137.85125755989517
28.37775509691391,137.83490352740256
28.39517921153832,137.82471132752667
28.41260332616273,137.8218197325039
28.430027440787146,137.82535983477823
28.447451555411558,137.83352529773538
28.46487567003597,137.84512460451322
28.48229978466038,137.85896623824962
28.499723899284795,137.87385868208247
28.517148013909207,137.88861041914961
28.53457212853362,137.9020299325889
28.55199624315803,137.9129257055382
28.56942035778244,137.92010622113537
28.586844472406856,137.92237983818444
28.604268587031267,137.9190198123408
28.62169270165568,137.9108993951206
28.63911681628009,137.8992307655182
28.656540930904505,137.885226102528
28.673965045528917,137.87009758514438
28.691389160153328,137.8550573923617
28.70881327477774,137.84131770317433
28.72623738940215,137.83009069657663
28.743661504026566,137.822588551563
28.761085618650977,137.82002245195005
28.77850973327539,137.82275462461524
28.795933847899803,137.8297087654924
28.813357962524215,137.8398220388142
28.830782077148626,137.85203160881326
28.848206191773038,137.86527463972234
28.86563030639745,137.8784882957741
28.883054421021864,137.89060974120122
28.900478535646275,137.90057614023632
28.917902650270687,137.90732465711213
28.9353267648951,137.90979250239945
28.952750879519513,137.90897184467295
28.970174994143925,137.9066165235259
28.987599108768336,137.90286134403993
29.005023223392747,137.8978411112965
29.02244733801716,137.8916906303771
29.039871452641574,137.88454470636327
29.057295567265985,137.87653814433654
29.074719681890397,137.8678057493784
29.092143796514808,137.85848232657037
29.109567911139223,137.848702680994
29.126992025763634,137.8344371187822
29.144416140388046,137.8121196761779
29.161840255012457,137.78370315119557
29.17926436963687,137.75114813957072
29.196688484261283,137.71641523703897
29.214112598885695,137.68146503933585
29.231536713510106,137.64825814219688
29.24896082813452,137.61875514135764
29.266384942758933,137.5949166325537
29.283809057383344,137.57870321152058
29.301233172007755,137.56787539118832
29.318657286632167,137.55749087311332
29.33608140125658,137.54768032928945
29.353505515880993,137.5386088927391
29.370929630505405,137.53044169648444
29.388353745129816,137.52334387354787
29.40577785975423,137.51748055695157
29.423201974378642,137.5130168797178
29.440626089003054,137.5101179748689
29.458050203627465,137.5089489754271
29.475474318251877,137.50919857205506
29.492898432876288,137.51007551445477
29.510322547500703,137.511421261429
29.527746662125114,137.51308714029201
29.545170776749526,137.51492447835807
29.56259489137394,137.51678460294147
29.580019005998352,137.51851884135644
29.597443120622764,137.51997852091733
29.614867235247175,137.52101496893832
29.632291349871586,137.52147951273378
29.649715464495998,137.5214220906168
29.667139579120413,137.52117735885693
29.684563693744824,137.5207960707236
29.701987808369235,137.5203209201969
29.71941192299365,137.5197946012569
29.736836037618062,137.5192598078837
29.754260152242473,137.51875923405737
29.771684266866885,137.51833557375798
29.789108381491296,137.51803152096568
29.80653249611571,137.51788976966048
29.823956610740122,137.51989854339456
29.841380725364534,137.52765426961054
29.858804839988945,137.5399315028562
29.87622895461336,137.55533631609958
29.89365306923777,137.57247478230886
29.911077183862183,137.58995297445202
29.928501298486594,137.60637696549713
29.945925413111006,137.62035282841228
29.96334952773542,137.63048663616556
29.980773642359832,137.63538446172504
29.998197756984244,137.63438680474061
30.01562187160866,137.62899616325856
30.03304598623307,137.61988567221223
30.05047010085748,137.6076552560572
30.067894215481893,137.59290483924906
30.085318330106304,137.57623434624335
30.102742444730715,137.5582437014958
30.12016655935513,137.53953282946188
30.137590673979542,137.52070165459722
30.155014788603953,137.50235010135745
30.172438903228368,137.4834355855213
30.18986301785278,137.45996609367788
30.20728713247719,137.4329511213483
30.224711247101602,137.4037488260831
30.242135361726014,137.37371736543278
30.259559476350425,137.34421489694773
30.27698359097484,137.31659957817848
30.29440770559925,137.29222956667547
30.311831820223663,137.27246301998917
30.329255934848078,137.25865809567006
30.34668004947249,137.25057007488564
30.3641041640969,137.2433324915354
30.381528278721312,137.2365658384036
30.398952393345724,137.2303568031863
30.41637650797014,137.2247920735794
30.43380062259455,137.21995833727897
30.45122473721896,137.2159422819809
30.468648851843373,137.21283059538118
30.486072966467788,137.21070996517585
30.5034970810922,137.2096670790608
30.52092119571661,137.20990607603693
30.538345310341022,137.2117978083337
30.555769424965433,137.2150197342892
30.573193539589848,137.21918343345143
30.59061765421426,137.22390048536852
30.60804176883867,137.22878246958857
30.625465883463082,137.23344096565967
30.642889998087497,137.23748755312985
30.66031411271191,137.24053381154732
30.67773822733632,137.2421913204601
30.69516234196073,137.24235259807003
30.712586456585143,137.24216324057048
30.730010571209558,137.24180350190508
30.74743468583397,137.24128299479042
30.76485880045838,137.24061133194311
30.782282915082796,137.2397981260796
30.799707029707207,137.2388529899165
30.81713114433162,137.23778553617026
30.83455525895603,137.23660537755754
30.85197937358044,137.2353221267948
30.869403488204853,137.23368544648693
30.886827602829268,137.2303158722378
30.90425171745368,137.22529374639754
30.92167583207809,137.21895743641136
30.939099946702505,137.21164530972433
30.956524061326917,137.20369573378164
30.973948175951328,137.19544707602842
30.99137229057574,137.1872377039098
31.00879640520015,137.179405984871
31.026220519824562,137.17229028635705
31.043644634448977,137.16617388939943
31.06106874907339,137.16081228948133
31.0784928636978,137.1559432130691
31.095916978322215,137.15135226564482
31.113341092946627,137.14682505269053
31.130765207571038,137.14214717968824
31.14818932219545,137.13710425212
31.16561343681986,137.13148187546778
31.183037551444276,137.1250656552137
31.200461666068687,137.11764119683974
31.2178857806931,137.1084408234165
31.23530989531751,137.09316477184316
31.252734009941925,137.07232657378867
31.270158124566336,137.04762903894792
31.287582239190748,137.02077497701572
31.30500635381516,136.99346719768687
31.32243046843957,136.9674085106563
31.339854583063985,136.94430172561883
31.357278697688397,136.92584965226928
31.374702812312808,136.91375510030255
31.39212692693722,136.9090906593104
31.409551041561635,136.9063426550776
31.426975156186046,136.90383774353924
31.444399270810457,136.90158975827495
31.46182338543487,136.89961253286438
31.47924750005928,136.89791990088713
31.496671614683695,136.89652569592286
31.514095729308107,136.89544375155117
31.531519843932518,136.8946879013517
31.548943958556933,136.89427197890407
31.566368073181344,136.89428492565995
31.583792187805756,136.89564436740687
31.601216302430167,136.89833707927895
31.61864041705458,136.90200232605545
31.63606453167899,136.9062793725155
31.653488646303405,136.9108074834383
31.670912760927816,136.91522592360303
31.688336875552228,136.91917395778887
31.705760990176643,136.92229085077503
31.723185104801054,136.92421586734065
31.740609219425465,136.92428629591652
31.758033334049877,136.91741050879318
31.77545744867429,136.90334478165627
31.7928815632987,136.8840109386324
31.810305677923115,136.861330803848
31.827729792547526,136.8372262014297
31.845153907171937,136.813618955504
31.862578021796352,136.79243089019744
31.880002136420764,136.77558382963656
31.897426251045175,136.76499959794796
31.914850365669587,136.7623587400346
31.932274480293998,136.7631481561697
31.949698594918413,136.76482063151417
31.967122709542824,136.76714294936914
31.984546824167236,136.76988189303566
32.00197093879165,136.7728042458149
32.01939505341606,136.77567679100792
32.03681916804047,136.77826631191587
32.054243282664885,136.78033959183983
32.071667397289296,136.78166341408092
32.08909151191371,136.7818935209342
32.10651562653812,136.77710593539433
32.12393974116253,136.7661874858663
32.14136385578695,136.75015460645685
32.15878797041136,136.73002373127272
32.17621208503577,136.70681129442062
32.19363619966018,136.68153373000726
32.211060314284595,136.6552074721394
32.228484428909006,136.62884895492374
32.24590854353342,136.60347461246704
32.26333265815783,136.5800009304876
32.28075677278224,136.55372780567046
32.29818088740666,136.5228860144745
32.31560500203107,136.4892308071095
32.33302911665548,136.45451743378547
32.35045323127989,136.4205011447122
32.367877345904304,136.38893719009957
32.385301460528716,136.36158082015749
32.40272557515313,136.34018728509577
32.42014968977754,136.32651183512425
32.43757380440195,136.32227635132557
32.45499791902637,136.32482754862178
32.47242203365078,136.33107210533788
32.48984614827519,136.34025054061914
32.5072702628996,136.3516033736109
32.524694377524014,136.36437112345857
32.542118492148425,136.37779430930746
32.55954260677284,136.39111345030292
32.57696672139725,136.4035690655903
32.59439083602166,136.41440167431492
32.61181495064608,136.42285729511693
32.62923906527049,136.43026074992017
32.6466631798949,136.43790127147804
32.66408729451931,136.44553898645088
32.681511409143724,136.4529340214992
32.698935523768135,136.45984650328322
32.71635963839255,136.4660365584635
32.733783753016965,136.4712643137003
32.75120786764137,136.47528989565404
32.76863198226579,136.47787343098514
32.7860560968902,136.47877428419451
32.80348021151461,136.47056078863477
32.82090432613902,136.4480779980645
32.83832844076343,136.4140496899887
32.855752555387845,136.37119964191243
32.873176670012256,136.32225163134066
32.890600784636675,136.2699294357784
32.908024899261086,136.21695683273072
32.9254490138855,136.16605759970253
32.94287312850991,136.11995551419892
32.96029724313432,136.08137435372484
32.97772135775873,136.04617474464925
32.99514547238314,136.00839491380071
33.012569587007555,135.96948715202896
33.029993701631966,135.93091261237046
33.047417816256385,135.89413244786167
33.064841930880796,135.860607811539
33.08226604550521,135.83179985643903
33.09969016012962,135.80916973559818
33.11711427475403,135.79417860205288
33.13453838937844,135.78828760883965
33.15196250400285,135.79421960908118
33.169386618627264,135.81275332978882
33.186810733251676,135.8414639910294
33.204234847876094,135.8779129663771
33.221658962500506,135.91966162940605
33.23908307712492,135.96427135369055
33.25650719174933,136.00930351280473
33.27393130637374,136.05231948032286
33.29135542099815,136.0908806298191
33.30877953562256,136.12254833486776
33.326203650246974,136.14964460884923
33.343627764871385,136.17817018389638
33.361051879495804,136.2072230648284
33.378475994120215,136.2358067740414
33.39590010874463,136.26292483393155
33.41332422336904,136.28758076689493
33.43074833799345,136.3087780953277
33.44817245261786,136.32552034162606
33.46559656724227,136.33681102818605
33.483020681866684,136.34165367740385
33.500444796491095,136.33662876867314
33.517868911115514,136.3181081128946
33.535293025739925,136.28836769051978
33.55271714036434,136.24980286875552
33.57014125498875,136.2048090148086
33.58756536961316,136.15578149588595
33.60498948423757,136.10511567919428
33.62241359886198,136.05520693194055
33.63983771348639,136.00845062133152
33.657261828110805,135.96724211457402
33.67468594273522,135.92953356999973
33.692110057359635,135.88776073822578
33.709534171984046,135.84345778868197
33.72695828660846,135.79849237021665
33.74438240123287,135.7547321316782
33.76180651585728,135.71404472191512
33.77923063048169,135.67829778977577
33.79665474510611,135.64935898410855
33.814078859730515,135.62909595376192
33.83150297435493,135.61937634758428
33.848927088979345,135.61843680430533
33.866351203603756,135.61798096631307
33.88377531822817,135.61757596333823
33.90119943285258,135.61722203299047
33.91862354747699,135.61691941287947
33.9360476621014,135.61666834061478
33.95347177672582,135.61646905380607
33.970895891350224,135.61632179006298
33.98832000597464,135.61622678699513
34.005744120599054,135.61618428221212
34.023168235223466,135.61655953908567
34.04059234984788,135.6182777256253
34.05801646447229,135.62108743392014
34.0754405790967,135.62466079554866
34.09286469372111,135.62866994208926
34.11028880834553,135.63278700512035
34.127712922969934,135.63668411622038
34.14513703759435,135.64003340696783
34.162561152218764,135.64250700894104
34.179985266843175,135.64377705371848
34.19740938146759,135.64304127185758
34.214833496092,135.63873594820436
34.23225761071641,135.63127593008863
34.24968172534082,135.62123433431768
34.26710583996524,135.6091842776985
34.284529954589644,135.59569887703827
34.30195406921406,135.58135124914412
34.319378183838474,135.5667145108232
34.336802298462885,135.55236177888258
34.3542264130873,135.53886617012944
34.37165052771171,135.52651395854056
34.38907464233612,135.51439448944245
34.40649875696053,135.50223524107597
34.42392287158495,135.4898685527749
34.44134698620935,135.47712676387292
34.45877110083377,135.46384221370383
34.47619521545818,135.44984724160136
34.493619330082595,135.43497418689927
34.511043444707006,135.41905538893127
34.52846755933142,135.40192318703114
34.54589167395583,135.3829962158187
34.56331578858024,135.36049618116144
34.58073990320466,135.33489241622536
34.59816401782906,135.30694449629468
34.61558813245348,135.2774119966535
34.63301224707789,135.24705449258607
34.650436361702305,135.21663155937665
34.667860476326716,135.18690277230928
34.68528459095113,135.15862770666826
34.70270870557554,135.13256593773772
34.72013282019995,135.10868627896735
34.73755693482437,135.08332166428838
34.75498104944878,135.05673629646142
34.77240516407319,135.0299185758239
34.7898292786976,135.00385690271335
34.807253393322014,134.97953967746722
34.824677507946426,134.95795530042292
34.84210162257084,134.94009217191808
34.85952573719525,134.92693869228998
34.87694985181966,134.91948326187622
34.89437396644408,134.91792767152828
34.91179808106849,134.9174988227306
34.9292221956929,134.9171895685246
34.94664631031731,134.9169663260649
34.964070424941724,134.9167955125061
34.981494539566135,134.9166435450027
34.99891865419055,134.91647684070924
35.01634276881496,134.91626181678035
35.03376688343937,134.91596489037056
35.05119099806379,134.91555247863442
35.0686151126882,134.91452095405432
35.08603922731261,134.90916815424558
35.10346334193702,134.89929817378854
35.120887456561434,134.8856384667859
35.138311571185845,134.8689164873405
35.15573568581026,134.84985968955502
35.17315980043467,134.82919552753222
35.19058391505908,134.8076514553749
35.2080080296835,134.7859549271858
35.22543214430791,134.7648333970677
35.24285625893232,134.74457812714513
35.26028037355673,134.7214923199653
35.27770448818114,134.695374418558
35.295128602805555,134.66723342087923
35.312552717429966,134.63807832488476
35.329976832054385,134.60891812853058
35.34740094667879,134.5807618297726
35.36482506130321,134.55461842656663
35.38224917592762,134.5314969168687
35.39967329055203,134.5124062986346
35.41709740517644,134.4980313069184
35.43452151980085,134.48491088219183
35.451945634425265,134.4720631324194
35.469369749049676,134.45976872182132
35.486793863674094,134.44830831461755
35.5042179782985,134.43796257502828
35.52164209292292,134.42901216727353
35.53906620754733,134.42173775557336
35.55649032217174,134.41642000414788
35.57391443679615,134.41333957721716
35.59133855142056,134.4128303423288
35.608762666044974,134.4157828432759
35.626186780669386,134.4218003497981
35.643610895293804,134.43006250398105
35.66103500991821,134.43974894791043
35.67845912454263,134.450039323672
35.69588323916704,134.46011327335148
35.71330735379145,134.46915043903454
35.73073146841586,134.4763304628069
35.74815558304027,134.4808329867543
35.765579697664684,134.4818022273251
35.783003812289095,134.4779786275036
35.800427926913514,134.46957347503118
35.81785204153792,134.45729535910544
35.83527615616234,134.4418528689241
35.85270027078675,134.42395459368478
35.87012438541116,134.40430912258518
35.88754850003557,134.38362504482294
35.90497261465998,134.36261094959576
35.922396729284394,134.34197542610127
35.939820843908805,134.3223312193486
35.957244958533224,134.30109156089108
35.97466907315763,134.2773012466471
35.99209318778205,134.25161211468435
36.00951730240646,134.22467600307067
36.02694141703087,134.1971447498738
36.04436553165528,134.1696701931615
36.06178964627969,134.1429041710016
36.0792137609041,134.11749852146178
36.096637875528515,134.09410508260993
36.11406199015293,134.07334696163258
36.131486104777345,134.05414123855056
36.148910219401756,134.03564254212873
36.16633433402617,134.01783727183627
36.18375844865058,134.00071182714228
36.20118256327499,133.98425260751577
36.2186066778994,133.96844601242597
36.23603079252381,133.9532784413419
36.253454907148225,133.93873629373272
36.27087902177264,133.92480596906753
36.288303136397055,133.91147978687954
36.305727251021466,133.89930367875675
36.32315136564588,133.8883811818129
36.34057548027029,133.8783430813755
36.3579995948947,133.86882016277195
36.37542370951911,133.85944321132965
36.39284782414352,133.84984301237603
36.410271938767934,133.83965035123845
36.42769605339235,133.82849601324438
36.445120168016764,133.81601078372125
36.462544282641176,133.80182388971687
36.47996839726559,133.78522250584714
36.49739251189,133.76606659847744
36.51481662651441,133.74469939932354
36.53224074113882,133.72146414010123
36.54966485576323,133.69670405252626
36.567088970387644,133.67076236831437
36.58451308501206,133.64398231918136
36.601937199636474,133.61670713684302
36.619361314260885,133.58928005301513
36.6367854288853,133.56204400151933
36.65420954350971,133.53399958242264
36.67163365813412,133.50425294857865
36.68905777275853,133.47318844423728
36.70648188738295,133.44119041364857
36.723906002007354,133.40864320106238
36.74133011663177,133.3759311507287
36.758754231256184,133.3434386068975
36.776178345880595,133.31154991381877
36.79360246050501,133.2806494157425
36.81102657512942,133.25112145691853
36.82845068975383,133.2228348078359
36.84587480437824,133.19526287282326
36.86329891900266,133.16827813876003
36.88072303362706,133.14175351332315
36.89814714825148,133.11556190418955
36.91557126287589,133.08957621903625
36.932995377500305,133.06366936554022
36.950419492124716,133.03771425137842
36.96784360674913,133.01158378422784
36.98526772137354,132.98515087176546
37.00269183599795,132.95712981139863
37.02011595062237,132.9265726079689
37.03754006524677,132.89451481949135
37.05496417987119,132.8620008131749
37.0723882944956,132.83007495622843
37.089812409120015,132.79978161586087
37.107236523744426,132.77216515928106
37.12466063836884,132.74826995369793
37.14208475299325,132.72914036632042
37.15950886761766,132.71582076435735
37.17693298224208,132.70706471354507
37.19435709686648,132.69958890478748
37.2117812114909,132.69314551493292
37.22920532611531,132.6875267711825
37.246629440739724,132.68252490073723
37.264053555364136,132.67793213079827
37.28147766998855,132.67354068856656
37.29890178461296,132.6691428012433
37.31632589923737,132.66453069602946
37.33375001386179,132.65949660012612
37.35117412848619,132.65432204631747
37.36859824311061,132.6496939427754
37.38602235773502,132.64541844246804
37.403446472359434,132.6412823363243
37.420870586983845,132.63707241527302
37.43829470160826,132.63257547024307
37.45571881623267,132.62757829216338
37.47314293085708,132.62186767196278
37.4905670454815,132.61523040057017
37.5079911601059,132.60745326891438
37.52541527473032,132.59654080382958
37.54283938935473,132.57925695156726
37.560263503979144,132.55673869532455
37.577687618603555,132.5302616184961
37.59511173322797,132.50110130447655
37.61253584785238,132.47053333666042
37.62995996247679,132.43983329844247
37.64738407710121,132.41027677321725
37.66480819172562,132.38313934437943
37.68223230635003,132.35969659532364
37.69965642097444,132.34009472343672
37.71708053559885,132.32200305422964
37.734504650223265,132.30502892708103
37.751928764847676,132.2888968112299
37.76935287947209,132.27333117591542
37.7867769940965,132.2580564903767
37.80420110872092,132.24279722385276
37.82162522334533,132.22727784558276
37.83904933796974,132.21122282480587
37.85647345259415,132.1943566307611
37.87389756721856,132.17683474265127
37.891321681842975,132.15964300635477
37.908745796467386,132.1425982199205
37.9261699110918,132.12543705806493
37.94359402571621,132.10789619550437
37.96101814034063,132.0897123069553
37.97844225496504,132.07062206713414
37.99586636958945,132.0503621507573
38.01329048421386,132.02866923254118
38.03071459883827,132.00527998720221
38.048138713462684,131.97941483954713
38.065562828087096,131.94951086713607
38.08298694271151,131.91614481852105
38.10041105733592,131.8800590288978
38.11783517196034,131.841995833462
38.13525928658475,131.80269756740947
38.15268340120916,131.76290656593594
38.17010751583357,131.72336516423712
38.18753163045798,131.6848156975087
38.204955745082394,131.6480005009465
38.222379859706805,131.61221738277519
38.239803974331224,131.57282573379
38.25722808895563,131.5308416629691
38.27465220358005,131.48790451408507
38.29207631820446,131.44565363091064
38.30950043282887,131.40572835721855
38.32692454745328,131.3697680367814
38.34434866207769,131.339412013372
38.361772776702104,131.3162996307629
38.379196891326515,131.30207023272683
38.396621005950934,131.29667911698004
38.41404512057534,131.29310123581666
38.431469235199756,131.29021971646242
38.44889334982417,131.28787657864444
38.46631746444858,131.28591384208985
38.48374157907299,131.28417352652576
38.5011656936974,131.2824976516793
38.51858980832181,131.2807282372776
38.536013922946225,131.2787073030477
38.55343803757064,131.27627686871685
38.57086215219505,131.27339536827103
38.588286266819466,131.27057046131782
38.60571038144388,131.26778057125867
38.62313449606829,131.26490441626757
38.6405586106927,131.26182071451873
38.65798272531711,131.25840818418627
38.67540683994152,131.2545455434442
38.692830954565935,131.25011151046672
38.71025506919035,131.24498480342797
38.72767918381476,131.23904414050196
38.745103298439176,131.2312741678808
38.76252741306359,131.2161230142059
38.779951527688,131.19386836142505
38.79737564231241,131.1659771519174
38.81479975693682,131.13391632806227
38.83222387156123,131.09915283223899
38.849647986185644,131.06315360682675
38.86707210081006,131.02738559420484
38.88449621543447,130.99331573675258
38.901920330058886,130.96241097684913
38.9193444446833,130.93571357802742
38.93676855930771,130.91066582049504
38.95419267393212,130.88641736092652
38.97161678855653,130.86279186914433
38.98904090318094,130.83961301497104
39.006465017805354,130.81670446822906
39.02388913242977,130.79388989874099
39.041313247054184,130.77099297632927
39.058737361678595,130.74783737081648
39.07616147630301,130.72424675202504
39.09358559092742,130.70015757508645
39.11100970555183,130.67649498553084
39.12843382017624,130.65326962461828
39.14585793480065,130.63018934197038
39.163282049425064,130.60696198720856
39.18070616404948,130.58329540995436
39.198130278673894,130.55889745982932
39.215554393298305,130.53347598645487
39.23297850792272,130.5067388394526
39.25040262254713,130.47839386844396
39.26782673717154,130.44802805260903
39.28525085179595,130.41412355272368
39.30267496642036,130.376905112963
39.32009908104477,130.33714466543248
39.33752319566919,130.29561414223775
39.3549473102936,130.25308547548445
39.372371424918015,130.2103305972782
39.389795539542426,130.16812143972456
39.40721965416684,130.12722993492918
39.42464376879125,130.08842801499767
39.44206788341566,130.0524006642746
39.45949199804007,130.0181931807588
39.47691611266448,129.9851395265872
39.4943402272889,129.9530031357794
39.51176434191331,129.9215474423548
39.529188456537725,129.89053588033295
39.546612571162136,129.85973188373325
39.56403668578655,129.82889888657522
39.58146080041096,129.7978003228783
39.59888491503537,129.76619962666194
39.61630902965979,129.73384326348378
39.63373314428419,129.70028041706502
39.65115725890861,129.6657083520104
39.66858137353302,129.630545357202
39.686005488157434,129.5952097215218
39.703429602781846,129.56011973385162
39.72085371740626,129.52569368307357
39.73827783203067,129.49234985806953
39.75570194665508,129.46050654772148
39.7731260612795,129.43058204091133
39.7905501759039,129.40295058938034
39.80797429052832,129.37651490598444
39.82539840515273,129.3507166971174
39.842822519777144,129.3256600531663
39.860246634401555,129.30144906451807
39.87767074902597,129.2781878215598
39.89509486365038,129.25598041467853
39.91251897827479,129.23493093426129
39.92994309289921,129.21514347069504
39.94736720752361,129.19672211436693
39.96479132214803,129.17978125826403
39.98221543677244,129.1648220511573
39.999639551396854,129.1517003623525
40.017063666021265,129.13989523356705
40.03448778064568,129.12888570651816
40.05191189527009,129.11815082292318
40.0693360098945,129.1071696244994
40.08676012451892,129.09542115296412
40.10418423914332,129.08238445003468
40.12160835376774,129.06753855742835
40.13903246839215,129.05035003630587
40.15645658301656,129.02932971879093
40.173880697640975,129.0042205965058
40.191304812265386,128.97573630362268
40.2087289268898,128.94459047431369
40.22615304151421,128.91149674275104
40.24357715613863,128.87716874310684
40.26100127076303,128.84232010955333
40.27842538538745,128.80766447626257
40.29584950001186,128.77391547740686
40.31327361463627,128.7417804175787
40.330697729260685,128.71020535673676
40.348121843885096,128.67814173775386
40.36554595850951,128.64575723978513
40.38297007313392,128.61321954198579
40.40039418775834,128.58069632351095
40.41781830238274,128.5483552635158
40.43524241700716,128.5163640411555
40.45266653163157,128.48489033558528
40.47009064625598,128.45410182596024
40.487514760880394,128.42416616053606
40.504938875504806,128.3951180070231
40.52236299012922,128.36679240239343
40.53978710475363,128.33904843290276
40.55721121937805,128.31174518480668
40.57463533400246,128.28474174436093
40.59205944862687,128.2578971978211
40.60948356325128,128.23107063144283
40.62690767787569,128.20412113148183
40.644331792500104,128.17690778419373
40.661755907124515,128.14928967583413
40.67918002174893,128.1213912737196
40.69660413637334,128.09344691865041
40.71402825099776,128.06544253000695
40.73145236562217,128.03736386421588
40.74887648024658,128.00919667770395
40.76630059487099,127.98092672689782
40.7837247094954,127.95253976822424
40.801148824119814,127.92402155810991
40.818572938744225,127.89535785298155
40.83599705336864,127.86653440926584
40.85342116799305,127.83755801910651
40.870845282617466,127.80845029945131
40.88826939724188,127.77921054972153
40.90569351186629,127.7498379599523
40.9231176264907,127.72033172017883
40.94054174111511,127.69069102043618
40.95796585573952,127.66091505075951
40.975389970363935,127.63100300118398
40.992814084988346,127.60095406174473
41.01023819961276,127.57076742247686
41.027662314237176,127.54080545969924
41.04508642886159,127.51144642339958
41.062510543486,127.48239195055933
41.07993465811041,127.45333679797751
41.09735877273482,127.4239757224531
41.11478288735923,127.39400348078506
41.132207001983645,127.36311482977241
41.14963111660806,127.33100452621413
41.16705523123247,127.29736732690924
41.184479345856886,127.26189798865667
41.20190346048129,127.22341176087501
41.21932757510571,127.18075237961575
41.23675168973012,127.13488021590204
41.25417580435453,127.08679355135973
41.27159991897894,127.03749066761472
41.289024033603354,126.98796984629296
41.30644814822777,126.93922936902025
41.32387226285218,126.89226751742262
41.341296377476596,126.84808257312588
41.35872049210101,126.80767281775597
41.37614460672542,126.7711229751202
41.39356872134983,126.73676204426091
41.41099283597424,126.70414592217229
41.42841695059865,126.67288218317032
41.445841065223064,126.64257840157101
41.46326517984748,126.6128421516904
41.48068929447189,126.58328100784453
41.498113409096305,126.55350254434933
41.51553752372072,126.52311433552087
41.53296163834513,126.49172395567516
41.55038575296954,126.4595284603214
41.56780986759395,126.42766715549534
41.58523398221836,126.39597827421451
41.602658096842774,126.36423541632657
41.62008221146719,126.33221218167907
41.6375063260916,126.2996821701197
41.654930440716015,126.26641898149603
41.672354555340426,126.23219621565572
41.68977866996484,126.19678747244635
41.70720278458925,126.15996635171555
41.72462689921366,126.12114670121274
41.74205101383808,126.0794842816789
41.75947512846248,126.03552865415705
41.7768992430869,125.98990575945167
41.794323357711306,125.94324153836739
41.811747472335725,125.89616193170873
41.829171586960136,125.8492928802803
41.84659570158455,125.80326032488666
41.86401981620896,125.75869020633235
41.88144393083337,125.71620846542199
41.89886804545779,125.67580612375514
41.91629216008219,125.63577907612954
41.93371627470661,125.59614201544183
41.951140389331016,125.55707197633728
41.968564503955434,125.51874599346108
41.985988618579846,125.48134110145854
42.00341273320426,125.44503433497485
42.02083684782867,125.4100027286553
42.03826096245308,125.3764233171451
42.0556850770775,125.34447313508953
42.0731091917019,125.3138814762075
42.09053330632632,125.28318135800983
42.107957420950726,125.252624274028
42.125381535575144,125.22264654410606
42.142805650199556,125.19368448808828
42.16022976482397,125.16617442581878
42.17765387944838,125.14055267714173
42.19507799407279,125.11725556190126
42.21250210869721,125.09671939994156
42.22992622332161,125.07938051110678
42.24735033794603,125.06549425899127
42.264774452570435,125.05423431433964
42.282198567194854,125.04492472104347
42.299622681819265,125.0369619686564
42.31704679644368,125.02974254673197
42.33447091106809,125.02266294482376
42.3518950256925,125.0151196524854
42.36931914031692,125.00650915927038
42.38674325494132,124.99622795473238
42.40416736956574,124.9836725284249
42.421591484190145,124.96775278766755
42.439015598814564,124.94570228948196
42.456439713438975,124.9177751993439
42.47386382806339,124.88468158653983
42.4912879426878,124.84713152035627
42.50871205731221,124.80583507007968
42.52613617193663,124.76150230499653
42.54356028656103,124.71484329439338
42.56098440118545,124.66656810755661
42.578408515809855,124.61738681377284
42.59583263043427,124.56642941471382
42.613256745058685,124.5048487314419
42.630680859683096,124.43365333424944
42.64810497430751,124.35584996992957
42.66552908893192,124.27444538527543
42.68295320355634,124.19244632708012
42.70037731818074,124.1128595421369
42.71780143280516,124.0386917772388
42.735225547429565,123.97294977917903
42.75264966205398,123.91864029475066
42.770073776678394,123.87756072911687
42.787497891302806,123.841901885378
42.80492200592722,123.80936436283659
42.82234612055163,123.77955388568327
42.83977023517605,123.75207617810861
42.85719434980045,123.72653696430322
42.87461846442487,123.70254196845771
42.89204257904928,123.67969691476266
42.90946669367369,123.65760752740866
42.926890808298104,123.63587953058634
42.944314922922516,123.6143099575321
42.96173903754693,123.594363112822
42.97916315217134,123.5760506030205
42.99658726679576,123.55889880738422
43.01401138142016,123.5424341051698
43.03143549604458,123.5261828756338
43.04885961066899,123.50967149803284
43.0662837252934,123.49242635162354
43.083707839917814,123.47397381566242
43.101131954542225,123.45384026940617
43.118556069166644,123.4315368535113
43.13598018379105,123.40666682516816
43.15340429841547,123.37952285700378
43.17082841303987,123.35051823282555
43.18825252766429,123.3200662364408
43.2056766422887,123.28858015165697
43.22310075691311,123.2564732622814
43.240524871537524,123.22415885212148
43.257948986161935,123.19205020498454
43.275373100786354,123.16056060467798
43.29279721541076,123.13007861693688
43.310221330035176,123.10042879431866
43.32764544465958,123.07126223409698
43.345069559284,123.04231319809577
43.36249367390841,123.01331594813902
43.37991778853282,122.98400474605067
43.39734190315723,122.9541138536547
43.414766017781645,122.92337753277502
43.43219013240606,122.8915300452356
43.44961424703047,122.85830565286042
43.467038361654886,122.8234274871004
43.48446247627929,122.78652933514034
43.50188659090371,122.74774055298728
43.51931070552812,122.70734024701231
43.53673482015253,122.66560752358642
43.55415893477694,122.62282148908062
43.571583049401355,122.57926124986594
43.58900716402577,122.53520591231339
43.60643127865018,122.490934582794
43.623855393274596,122.44672636767876
43.641279507899,122.40284951543471
43.65870362252342,122.35914076381208
43.67612773714783,122.31533812240984
43.69355185177224,122.27129625410899
43.71097596639665,122.2268698217905
43.728400081021064,122.1819134883354
43.74582419564548,122.13628191662464
43.76324831026989,122.08982976953928
43.780672424894306,122.04241170996023
43.79809653951871,121.9938824007686
43.81552065414313,121.94406842117421
43.83294476876754,121.89164643761458
43.85036888339195,121.83649700134099
43.86779299801636,121.77937069025938
43.885217112640774,121.7210180822757
43.90264122726519,121.66218975529591
43.9200653418896,121.60363628722601
43.937489456514015,121.54610825597186
43.95491357113842,121.49035623943955
43.97233768576284,121.43713081553491
43.98976180038725,121.38715706818886
44.00718591501166,121.33879071494258
44.02461002963607,121.29088614145459
44.042034144260484,121.24373008278845
44.0594582588849,121.19760927400769
44.07688237350931,121.15281045017593
44.094306488133725,121.10962034635669
44.11173060275813,121.06832569761357
44.12915471738255,121.02921323901009
44.14657883200696,120.99256970560987
44.16400294663137,120.95868411918968
44.18142706125578,120.92815634712082
44.19885117588019,120.90073406562202
44.21627529050461,120.87560774388409
44.233699405129016,120.85196785109777
44.251123519753435,120.82900485645378
44.268547634377846,120.8059092291429
44.28597174900226,120.78187143835585
44.30339586362667,120.7560819532834
44.32081997825108,120.72773124311628
44.33824409287549,120.69600968468488
44.3556682074999,120.66019571276478
44.37309232212432,120.62050087970923
44.390516436748726,120.57749412615414
44.407940551373144,120.53174439273523
44.425364665997556,120.48382062008842
44.44278878062197,120.43429174884949
44.46021289524638,120.38372671965428
44.47763700987079,120.33269447313862
44.4950611244952,120.28176394993831
44.51248523911961,120.2315040906892
44.52990935374403,120.17998910404876
44.547333468368436,120.12536562092019
44.564757582992854,120.06862727053219
44.582181697617266,120.0107687605067
44.59960581224168,119.95278479846554
44.61702992686609,119.89567009203058
44.6344540414905,119.84041934882372
44.65187815611492,119.78802727646676
44.66930227073932,119.73948858258167
44.68672638536374,119.69579797479021
44.704150499988145,119.65713351731453
44.721574614612564,119.6222503783863
44.738998729236975,119.5902320948881
44.75642284386139,119.56016483550069
44.7738469584858,119.53113476890482
44.79127107311021,119.50222806378132
44.80869518773463,119.4725308888109
44.82611930235903,119.44112941267439
44.84354341698345,119.4071098040525
44.860967531607855,119.36955823162606
44.878391646232274,119.32823905711508
44.895815760856685,119.28395119779198
44.913239875481096,119.236943394121
44.93066399010551,119.18745626078919
44.94808810472992,119.13573041248358
44.96551221935434,119.08200646389118
44.98293633397874,119.02652502969909
45.00036044860316,118.96952672459427
45.017784563227565,118.91125216326384
45.03520867785198,118.85194196039475
45.052632792476395,118.78941974246013
45.070056907100806,118.72049591174678
45.08748102172522,118.64682755443857
45.10490513634963,118.57016013923571
45.12232925097405,118.4922391348384
45.13975336559845,118.41481000994692
45.15717748022287,118.33961823326133
45.174601594847275,118.26840927348198
45.19202570947169,118.20292859930896
45.209449824096104,118.14492167944253
45.226873938720516,118.09429652323867
45.24429805334493,118.04768409248628
45.26172216796934,118.00429807541887
45.27914628259376,117.96345207477731
45.29657039721816,117.92445969330244
45.31399451184258,117.88663453373508
45.331418626466984,117.8492901988161
45.3488427410914,117.81174029128634
45.366266855715814,117.77329841388665
45.383690970340226,117.73327816935789
45.40111508496464,117.69203690554701
45.41853919958905,117.65155912096746
45.43596331421347,117.6115632114874
45.45338742883787,117.57165918897674
45.47081154346229,117.53145706530529
45.488235658086694,117.49056685234294
45.50565977271111,117.44859856195949
45.523083887335524,117.40516220602484
45.540508001959935,117.35986779640884
45.55793211658435,117.31232534498132
45.57535623120876,117.26230746468732
45.59278034583318,117.21009519440828
45.61020446045758,117.15575841511344
45.627628575082,117.09934570372394
45.645052689706404,117.04090563716119
45.66247680433082,116.98048679234631
45.679900918955234,116.91813774620067
45.697325033579645,116.85390707564547
45.714749148204056,116.78784335760199
45.73217326282847,116.71999516899146
45.749597377452886,116.64916657967433
45.76702149207729,116.57199632313962
45.78444560670171,116.48966350146797
45.80186972132612,116.4036957869974
45.81929383595053,116.31562085206576
45.83671795057494,116.22696636901094
45.854142065199355,116.13926001017084
45.871566179823766,116.05402944788335
45.88899029444818,115.97280235448636
45.906414409072596,115.89710640231776
45.923838523697,115.8272170765858
45.94126263832142,115.75923283561005
45.95868675294583,115.69285250453979
45.97611086757024,115.62821931819451
45.99353498219465,115.5654765113938
46.010959096819064,115.50476731895722
46.02838321144348,115.4462349757043
46.04580732606789,115.3900227164547
46.063231440692306,115.33627377602785
46.08065555531671,115.28513138924342
46.09807966994113,115.23699529801155
46.11550378456554,115.19274447950843
46.13292789918995,115.1516573854399
46.15035201381436,115.11283827216664
46.167776128438774,115.07539139604928
46.18520024306319,115.03842101344848
46.2026243576876,115.00103138072495
46.220048472312016,114.96232675423926
46.23747258693642,114.92141139035212
46.25489670156084,114.87738954542415
46.27232081618525,114.82941670964438
46.28974493080966,114.7774885295447
46.30716904543407,114.72227427386997
46.324593160058484,114.66446101094863
46.3420172746829,114.60473580910904
46.35944138930731,114.54378573667971
46.376865503931725,114.48229786198895
46.39428961855613,114.42095925336528
46.41171373318055,114.360456979137
46.42913784780496,114.30147810763259
46.44656196242937,114.24459063741047
46.46398607705378,114.1893020212535
46.481410191678194,114.13508636670939
46.49883430630261,114.08150456522634
46.51625842092702,114.02811750825258
46.533682535551435,113.97448608723616
46.55110665017584,113.92017119362536
46.56853076480026,113.86473371886824
46.58595487942467,113.80773455441306
46.60337899404908,113.74873459170793
46.62080310867349,113.68718738763478
46.6382272232979,113.62222033271199
46.65565133792232,113.55432922240195
46.673075452546726,113.48424975835955
46.690499567171145,113.41271764223956
46.70792368179555,113.34046857569689
46.72534779641997,113.26823826038631
46.74277191104438,113.19676239796269
46.76019602566879,113.12677669008087
46.7776201402932,113.05901683839566
46.79504425491761,112.99412217235894
46.81246836954203,112.93152137812143
46.829892484166436,112.87061190291466
46.847316598790854,112.81095046372631
46.86474071341526,112.75209377754423
46.88216482803968,112.69359856135613
46.89958894266409,112.63502153214984
46.9170130572885,112.5759194069131
46.93443717191291,112.51584890263373
46.95186128653732,112.45436673629946
46.96928540116174,112.39106904726944
46.986709515786146,112.32619807867744
47.004133630410564,112.26009293282839
47.02155774503497,112.19300196932146
47.03898185965939,112.12517354775571
47.0564059742838,112.05685602773029
47.07383008890821,111.98829776884432
47.09125420353262,111.91974713069688
47.10867831815703,111.85145247288712
47.12610243278145,111.78366215501408
47.143526547405855,111.71656678751705
47.160950662030274,111.64947765151665
47.178374776654685,111.58222171696698
47.1957988912791,111.514926025335
47.21322300590351,111.44771761808762
47.23064712052792,111.38072353669175
47.24807123515233,111.31407082261434
47.26549534977674,111.24788651732233
47.28291946440116,111.18229766228258
47.300343579025565,111.11743129896216
47.317767693649984,111.05366262740469
47.335191808274395,110.99565636759826
47.352615922898806,110.94327944462994
47.37004003752322,110.89407031490714
47.38746415214763,110.84556743483724
47.40488826677204,110.79530926082765
47.42231238139645,110.74083424928574
47.43973649602087,110.6796808566189
47.457160610645275,110.6093875392346
47.47458472526969,110.5274927535401
47.492008839894105,110.43087142624194
47.509432954518516,110.29864088735029
47.52685706914293,110.12433115058252
47.54428118376734,109.91135317345922
47.56170529839176,109.66311791350094
47.57912941301616,109.38303632822858
47.59655352764058,109.07451937516235
47.613977642264985,108.74097801182334
47.6314017568894,108.38582319573166
47.648825871513814,108.01246588440833
47.666249986138226,107.62331855957441
47.68367410076264,107.17646980235239
47.70109821538705,106.65409269565524
47.71852233001147,106.06415406245792
47.73594644463587,105.41462072573644
47.75337055926029,104.71345950846496
47.770794673884694,103.96863723361987
47.78821878850911,103.18812072417519
47.805642903133524,102.3798768031071
47.823067017757936,101.55187229339047
47.84049113238235,100.71150353368333
47.85791524700676,99.81958833774232
47.87533936163118,98.85539478569893
47.89276347625558,97.82876431761358
47.91018759088,96.74953837354377
47.927611705504404,95.62755839355044
47.94503582012882,94.472665817691
47.962459934753234,93.29470208602598
47.979884049377645,92.10350863861416
47.99730816400206,90.90892691551468
48.01473227862647,89.72060332156218
48.03215639325089,88.50925174283935
48.04958050787529,87.25529694203333
48.06700462249971,85.96849929848652
48.084428737124114,84.65861919154547
48.10185285174853,83.33541700055247
48.119276966372944,82.00865310485356
48.136701080997355,80.68808788379266
48.154125195621766,79.3834817167142
48.17154931024618,78.10459498296262
48.188973424870596,76.8611590138454
48.206397539495,75.62897520993556
48.22382165411942,74.38709696452848
48.24124576874382,73.14451245231263
48.25866988336824,71.91020984797235
48.27609399799265,70.69317732619561
48.293518112617065,69.50240306166822
48.310942227241476,68.34687522907669
48.32836634186589,67.23558200310737
48.345790456490306,66.17751155844626
48.36321457111471,65.181652069781
48.38063868573913,64.22037980933776
48.39806280036353,63.264444005606755
48.41548691498795,62.323773088479655
48.43291102961236,61.408304101132025
48.450335144236774,60.527974086737885
48.467759258861186,59.69272008847167
48.4851833734856,58.912479149507774
48.502607488110016,58.197188313020334
48.52003160273442,57.5567846221846
48.53745571735884,57.00120512017396
48.55487983198324,56.50094168854154
48.57230394660766,56.0138144505161
48.58972806123207,55.545797941983814
48.607152175856484,55.10302682695361
48.624576290480896,54.691635769434654
48.64200040510531,54.31775943343607
48.659424519729725,53.98753248296689
48.67684863435413,53.70708958203661
48.69427274897855,53.48256539465394
48.71169686360296,53.32009458482832
48.72912097822737,53.20169185454098
48.74654509285178,53.093855631543754
48.763969207476194,52.99604712005859
48.781393322100605,52.908051457939365
48.79881743672502,52.82965378303996
48.816241551349435,52.76063923321423
48.83366566597384,52.70079294631613
48.85108978059826,52.64990006019945
48.86851389522267,52.60774571271812
48.88593800984708,52.57411504172603
48.90336212447149,52.54694429645781
48.920786239095904,52.52274457251921
48.93821035372032,52.501148234617254
48.955634468344726,52.48184554936441
48.973058582969145,52.46452678337308
48.99048269759355,52.448882203255764
49.00790681221797,52.434602075624866
49.02533092684238,52.421376667092844
49.04275504146679,52.408896244272135
49.0601791560912,52.39685107377519
49.07760327071561,52.38540470128596
49.09502738534003,52.37522419000566
49.112451499964436,52.366053481479504
49.129875614588855,52.35760856246354
49.14729972921326,52.349605419713846
49.16472384383768,52.341760039986454
49.18214795846209,52.33378841003744
49.1995720730865,52.32540651662287
49.21699618771091,52.31633034649881
49.23442030233532,52.3062758864213
49.25184441695974,52.29503487237434
49.269268531584146,52.28274214397487
49.286692646208564,52.26958067564523
49.30411676083297,52.25573028512606
49.32154087545739,52.24137079015799
49.3389649900818,52.22668200848168
49.35638910470621,52.21184375783778
49.37381321933062,52.19703585596691
49.39123733395503,52.18243812060974
49.40866144857945,52.16823036950691
49.426085563203856,52.15388882559725
49.443509677828274,52.13789193271643
49.46093379245268,52.12080053764066
49.4783579070771,52.10329571056541
49.49578202170151,52.086058521686226
49.51320613632592,52.06977004119859
49.53063025095033,52.05511133929801
49.54805436557474,52.042763486180014
49.56547848019916,52.03340755204007
49.582902594823565,52.027724607073715
49.600326709447984,52.02540864352738
49.61775082407239,52.02361792090292
49.63517493869681,52.02208502500736
49.65259905332122,52.02077244052985
49.67002316794563,52.01964265215964
49.68744728257004,52.018658144585864
49.70487139719445,52.01778140249774
49.72229551181887,52.01697491058444
49.739719626443275,52.016201153535164
49.757143741067694,52.015422616039096
49.7745678556921,52.014648764308525
49.791991970316516,52.01401674704448
49.80941608494093,52.013499188117166
49.82684019956534,52.01305135325336
49.84426431418975,52.012628508179766
49.86168842881416,52.01218591862315
49.87911254343858,52.01167885031024
49.896536658062985,52.01106256896779
49.9139607726874,52.01029234032252
49.93138488731181,52.009323430101176
49.948809001936226,52.00752600339269
49.96623311656064,52.00246865221868
49.98365723118505,51.99430916051604
50.00108134580946,51.9835332359929
50.01850546043387,51.97062658635739
50.03592957505829,51.95607491931764
50.053353689682694,51.94036394258181
50.07077780430711,51.92397936385801
50.088201918931524,51.90740689085439
50.105626033555936,51.891132231279066
50.12305014818035,51.87499540223559
50.14047426280476,51.85618348063535
50.15789837742917,51.834956116181736
50.17532249205358,51.81208022000878
50.192746606678,51.78832270325046
50.210170721302404,51.76445047704081
50.22759483592682,51.74123045251378
50.245018950551234,51.719429540803425
50.262443065175646,51.69981465304374
50.27986717980006,51.68315270036869
50.29729129442447,51.669882330362704
50.31471540904888,51.65832628587952
50.33213952367329,51.64792335388748
50.34956363829771,51.638431102859805
50.366987752922114,51.62960710126975
50.38441186754653,51.62120891759052
50.401835982170944,51.612994120295355
50.419260096795355,51.604720277857474
50.43668421141977,51.596144958750116
50.45410832604418,51.587025731446516
50.4715324406686,51.57717756759405
50.488956555293,51.566907154536715
50.50638066991742,51.55636632762505
50.523804784541824,51.5456321593678
50.54122889916624,51.53478172227365
50.558653013790654,51.523892088851305
50.576077128415065,51.51304033160952
50.593501243039476,51.502303523056966
50.61092535766389,51.49175873570238
50.628349472288306,51.48148304205447
50.64577358691271,51.47157175138534
50.66319770153713,51.46219581377337
50.68062181616153,51.45325129241302
50.69804593078595,51.44457778005504
50.71547004541036,51.43601486945015
50.732894160034775,51.427402153349064
50.750318274659186,51.41857922450253
50.7677423892836,51.40938567566126
50.785166503908016,51.39966109957598
50.80259061853242,51.38924508899743
50.82001473315684,51.37798023312133
50.83743884778124,51.36581499705654
50.85486296240566,51.35282393355237
50.87228707703007,51.339088347652826
50.889711191654484,51.32468954440187
50.907135306278896,51.309708828843505
50.92455942090331,51.294227506021684
50.941983535527726,51.27832688098041
50.95940765015213,51.26208825876367
50.97683176477655,51.24559294441542
50.99425587940095,51.228824438670564
51.01167999402537,51.210504809330196
51.02910410864978,51.19061628360165
51.046528223274194,51.169676631548306
51.063952337898606,51.14820362323351
51.08137645252302,51.12671502872065
51.098800567147435,51.1057286180731
51.11622468177184,51.085762161354246
51.13364879639626,51.06733342862743
51.15107291102066,51.05096018995605
51.16849702564508,51.03708371495302
51.18592114026949,51.02452114307505
51.203345254893904,51.012672390975226
51.220769369518315,51.001498056337425
51.23819348414273,50.990958736845585
51.255617598767145,50.98101503018357
51.27304171339155,50.97162753403531
51.29046582801597,50.96275684608467
51.30788994264037,50.954363564015566
51.32531405726479,50.94640828551189
51.3427381718892,50.93887112193356
51.360162286513614,50.93221403195797
51.377586401138025,50.926442643401515
51.395010515762436,50.92128158212975
51.412434630386855,50.91645547400821
51.42985874501126,50.91168894490246
51.44728285963568,50.906706620678044
51.46470697426008,50.90123312720051
51.4821310888845,50.89499309033541
51.49955520350891,50.887711135948315
51.51697931813332,50.87904963745637
51.534403432757735,50.866324300546225
51.551827547382146,50.84906421235533
51.569251662006565,50.82842899198875
51.58667577663097,50.805578258551606
51.60409989125539,50.78167163114892
51.6215240058798,50.7578687288858
51.63894812050421,50.735329170867345
51.65637223512862,50.71521257619862
51.67379634975303,50.69867856398468
51.691220464377444,50.68685445575669
51.708644579001856,50.67809053135185
51.726068693626274,50.670687162398366
51.74349280825068,50.6643202039399
51.7609169228751,50.658665511020075
51.77834103749951,50.653398938682535
51.79576515212392,50.648196341970944
51.81318926674833,50.642733575928915
51.83061338137274,50.63668649560013
51.84803749599716,50.62973095602821
51.865461610621566,50.62154481632702
51.882885725245984,50.61222357303436
51.90030983987039,50.60198690787395
51.91773395449481,50.59083854885311
51.93515806911922,50.578782223979175
51.95258218374363,50.56582166125949
51.97000629836804,50.55196058870139
51.98743041299245,50.53720273431223
52.00485452761687,50.521551826099326
52.022278642241275,50.50501159207003
52.039702756865694,50.48758183110407
52.0571268714901,50.466165270482804
52.07455098611452,50.43918147031586
52.09197510073893,50.40825789659018
52.10939921536334,50.375022015292686
52.12682332998775,50.34110129241033
52.14424744461216,50.308123193930015
52.16167155923658,50.27771518583867
52.179095673860985,50.251504734123266
52.1965197884854,50.231119304770694
52.21394390310981,50.21818636376789
52.231368017734226,50.2105254850997
52.24879213235864,50.20447117047885
52.26621624698305,50.199635257392835
52.28364036160746,50.195629941878124
52.30106447623187,50.192067419971174
52.31848859085629,50.18855988770844
52.335912705480695,50.18471954112639
52.35333682010511,50.180158576261476
52.37076093472952,50.174489189150165
52.388185049353936,50.16732357582891
52.40560916397835,50.15752737934882
52.42303327860276,50.144301300340445
52.44045739322717,50.12806738160986
52.45788150785158,50.10925063570715
52.475305622476,50.088276075182414
52.492729737100404,50.06556871258576
52.51015385172482,50.041553560467236
52.52757796634923,50.016655631377006
52.545002080973646,49.9912999378651
52.56242619559806,49.96591149248165
52.57985031022247,49.9404770174522
52.59727442484688,49.91430766089109
52.61469853947129,49.887035699340565
52.63212265409571,49.85829755339907
52.649546768720114,49.8277296436651
52.66697088334453,49.79496839073708
52.68439499796894,49.75965021521351
52.701819112593355,49.7214115376928
52.71924322721777,49.67988877877346
52.73666734184218,49.63471835905392
52.75409145646659,49.58511193661167
52.771515571091,49.52985517607053
52.78893968571542,49.468356875462575
52.806363800339824,49.40003742893687
52.82378791496424,49.32431723064225
52.84121202958865,49.24061667472781
52.858636144213065,49.14835615534237
52.87606025883748,49.046956066635005
52.89348437346189,48.935836802754636
52.9109084880863,48.814418757850234
52.92833260271071,48.67005309547756
52.94575671733513,48.48140642320001
52.963180831959534,48.25339022491455
52.98060494658395,47.99162601994337
52.99802906120836,47.70173532760938
53.015453175832775,47.38933966723504
53.032877290457186,47.06006055814295
53.0503014050816,46.71951951965566
53.06772551970601,46.37333807109579
53.08514963433042,46.027137731785885
53.10257374895484,45.67226343671631
53.11999786357924,45.2818642655959
53.13742197820366,44.86177691411269
53.15484609282807,44.41921790717984
53.172270207452485,43.96140376970984
53.189694322076896,43.49555102661535
53.20711843670131,43.02887620280903
53.22454255132572,42.568595823203545
53.24196666595013,42.121926412711545
53.25939078057455,41.696084496245504
53.27681489519895,41.28692151400502
53.29423900982337,40.86994132446364
53.31166312444778,40.44900978966011
53.329087239072194,40.02971418506679
53.346511353696606,39.61764178615616
53.36393546832102,39.218379868400746
53.381359582945436,38.83751570727287
53.39878369756984,38.480636578245516
53.41620781219426,38.15332975679058
53.43363192681866,37.86118251838112
53.45105604144308,37.59972629207545
53.46848015606749,37.34193835011588
53.485904270691904,37.08961564934008
53.503328385316316,36.846895478048445
53.52075249994073,36.61791512454137
53.538176614565145,36.40681187711916
53.55560072918955,36.217723024082424
53.57302484381397,36.05478585373126
53.59044895843837,35.92213765436631
53.60787307306279,35.82391571428775
53.6252971876872,35.75672583257063
53.642721302311614,35.695209571064794
53.660145416936025,35.63756957116623
53.67756953156044,35.584570257187906
53.694993646184855,35.53697605344273
53.71241776080926,35.49555138424369
53.72984187543368,35.461060673903695
53.74726599005808,35.43426834673571
53.7646901046825,35.41593882705266
53.78211421930691,35.4068365391675
53.799538333931324,35.40613253783635
53.816962448555735,35.40724016305135
53.834386563180146,35.4092207230878
53.851810677804565,35.41192477958004
53.86923479242897,35.41520289416245
53.88665890705339,35.41890562846939
53.90408302167779,35.4228835441352
53.92150713630221,35.42698720279428
53.93893125092662,35.43106716608096
53.95635536555103,35.43497399562961
53.973779480175445,35.43866571663076
53.991203594799856,35.44258726977619
54.008627709424275,35.446761350016175
54.02605182404868,35.45113463048266
54.0434759386731,35.455653784307586
54.0609000532975,35.460265484622894
54.07832416792192,35.46491640456053
54.09574828254633,35.469553217252425
54.11317239717074,35.47412259583053
54.130596511795154,35.478571213426775
54.148020626419566,35.48296180267411
54.165444741043984,35.487889000961964
54.18286885566839,35.49324276138157
54.20029297029281,35.498781688856376
54.21771708491721,35.504264388309856
54.23514119954163,35.50944946466548
54.25256531416604,35.51409552284669
54.26998942879045,35.51796116777695
54.287413543414864,35.520805004379746
54.304837658039276,35.522385637578516
54.322261772663694,35.522606369568955
54.3396858872881,35.52240743733061
54.35711000191252,35.52204182903679
54.37453411653692,35.52155616244584
54.39195823116134,35.52099705531608
54.40938234578575,35.52041112540584
54.42680646041016,35.51984499047344
54.444230575034574,35.519345268277206
54.461654689658985,35.51895857657547
54.479078804283404,35.518731533126555
54.49650291890781,35.51895358466104
54.51392703353223,35.521687591983834
54.53135114815664,35.52691834603115
54.54877526278105,35.534055370760285
54.56619937740546,35.54250819012855
54.58362349202987,35.55168632809324
54.601047606654284,35.56099930861166
54.618471721278695,35.56985665564112
54.63589583590311,35.57766789313891
54.65331995052752,35.58384254506232
54.670744065151936,35.58796196990355
54.68816817977635,35.59156244933646
54.70559229440076,35.59508930831683
54.72301640902517,35.59846473445344
54.74044052364958,35.60161091535506
54.75786463827399,35.604450038630496
54.775288752898405,35.60690429188851
54.79271286752282,35.608895862737896
54.81013698214723,35.610346938787416
54.827561096771646,35.61117970764586
54.84498521139606,35.61121334466796
54.86240932602047,35.60902658061078
54.87983344064488,35.60459446974824
54.89725755526929,35.598442714547936
54.91468166989371,35.5910970174775
54.932105784518114,35.58308308100453
54.94952989914253,35.57492660759664
54.96695401376694,35.56715329972145
54.984378128391356,35.56028885984656
55.00180224301577,35.55485899043959
55.01922635764018,35.55130468370966
55.03665047226459,35.54836592163132
55.054074586889,35.545500600333334
55.07149870151342,35.5427675532962
55.088922816137824,35.54022561400046
55.10634693076224,35.53793361592665
55.12377104538665,35.535950392555264
55.141195160011065,35.53433477736685
55.15861927463548,35.53314560384191
55.17604338925989,35.532441705461
55.1934675038843,35.53237558146468
55.21089161850871,35.5353450359008
55.22831573313313,35.541714436956944
55.245739847757534,35.55058941665253
55.26316396238195,35.56107560700704
55.28058807700636,35.57227864003988
55.298012191630775,35.58330414777052
55.31543630625519,35.593257762218386
55.3328604208796,35.60124511540294
55.35028453550401,35.606371839343616
55.36770865012842,35.607813112450636
55.38513276475284,35.6077808433159
55.402556879377244,35.60770140724158
55.41998099400166,35.60757554748525
55.437405108626066,35.60740400730451
55.454829223250485,35.60718752995694
55.472253337874896,35.60692685870013
55.48967745249931,35.606622736791664
55.50710156712372,35.606275907489135
55.52452568174813,35.60588711405014
55.54194979637255,35.605417777613994
55.55937391099695,35.602242429498816
55.57679802562137,35.59544386545845
55.594222140245776,35.58596441890368
55.611646254870195,35.57474642324529
55.629070369494606,35.56273221189408
55.64649448411902,35.55086411826083
55.66391859874343,35.54008447575634
55.68134271336784,35.53133561779139
55.69876682799226,35.525559877776764
55.71619094261666,35.52369073571486
55.73361505724108,35.52501056219456
55.751039171865486,35.52831955575151
55.768463286489904,35.533250030188874
55.785887401114316,35.53943429930985
55.80331151573873,35.54650467691762
55.82073563036314,35.55409347681536
55.83815974498755,35.56183301280626
55.85558385961197,35.5693555986935
55.87300797423637,35.576293548280255
55.89043208886079,35.58228094818941
55.9078562034852,35.58814671991548
55.925280318109614,35.59460409889569
55.942704432734025,35.60136855269243
55.96012854735844,35.60815554886811
55.97755266198285,35.614680554985135
55.99497677660726,35.620659038605915
56.01240089123168,35.62580646729286
56.02982500585608,35.62983830860836
56.0472491204805,35.63247003011484
56.06467323510491,35.633417099374675
56.082097349729324,35.63203713428105
56.099521464353735,35.628147411139665
56.11694557897815,35.62216726329061
56.13436969360256,35.61451603616425
56.15179380822697,35.60561307519089
56.16921792285139,35.595877725800904
56.18664203747579,35.585729333424624
56.20406615210021,35.575587243492386
56.22149026672462,35.56587080143455
56.23891438134903,35.55699935268144
56.256338495973445,35.54790628180444
56.273762610597856,35.537303786242546
56.291186725222275,35.525760812368326
56.30861083984668,35.5138505312025
56.3260349544711,35.50214611376575
56.3434590690955,35.49122073107879
56.36088318371992,35.481647554162315
56.37830729834433,35.473999754037045
56.39573141296874,35.46885050172367
56.413155527593155,35.4667729682429
56.430579642217566,35.46722510783395
56.448003756841985,35.468752147827196
56.46542787146639,35.47120556134318
56.48285198609081,35.47444816796813
56.50027610071521,35.47834278728828
56.51770021533963,35.482752238889844
56.53512432996404,35.48753934235908
56.55254844458845,35.49256691728219
56.569972559212864,35.49769778324542
56.587396673837276,35.502794759835005
56.604820788461694,35.50875203684213
56.6222449030861,35.51687345075119
56.63966901771052,35.52654171060416
56.65709313233492,35.53711019173502
56.67451724695934,35.54793226947778
56.69194136158375,35.558361319166416
56.70936547620816,35.56775071613492
56.726789590832574,35.57545383571727
56.744213705456986,35.58082405324748
56.761637820081404,35.583214744059546
56.77906193470581,35.58230539569877
56.79648604933023,35.578655726508195
56.81391016395463,35.572660841780255
56.83133427857905,35.56470477366361
56.84875839320346,35.555171554306924
56.86618250782787,35.54444521585888
56.883606622452284,35.532909790468125
56.901030737076695,35.52094931028334
56.918454851701114,35.508947807453175
56.93587896632552,35.497289314126306
56.95330308094994,35.48479532567363
56.97072719557434,35.46866685440594
56.98815131019876,35.44990671134195
57.00557542482317,35.42966577841623
57.02299953944758,35.40909493756328
57.040423654071994,35.389345070717646
57.057847768696405,35.37156705981385
57.07527188332082,35.356911786786426
57.09269599794523,35.34653013356991
57.110120112569646,35.341572982098825
57.12754422719405,35.34191741766423
57.14496834181847,35.34458652239592
57.16239245644287,35.34910555254069
57.17981657106729,35.355167021057134
57.19724068569171,35.36246344090383
57.214664800316115,35.370687325039384
57.23208891494053,35.37953118642238
57.24951302956494,35.38868753801142
57.266937144189356,35.3978488927651
57.28436125881376,35.406707763642
57.30178537343818,35.415714131018305
57.31920948806258,35.42676929496815
57.336633602687,35.43941092919313
57.35405771731142,35.453000767271234
57.371481831935824,35.4669005427805
57.38890594656024,35.48047198929895
57.40633006118465,35.4930768404046
57.423754175809066,35.50407682967549
57.44117829043347,35.512833690689625
57.45860240505789,35.51870915702504
57.47602651968229,35.52181178990445
57.49345063430671,35.52450378541893
57.51087474893113,35.526996166059476
57.528298863555534,35.52926300471628
57.54572297817995,35.53127837427952
57.56314709280436,35.5330163476394
57.580571207428775,35.5344509976861
57.59799532205318,35.5355563973098
57.6154194366776,35.53630661940069
57.63284355130202,35.53667573684895
57.65026766592642,35.53635606969948
57.66769178055084,35.53424590126879
57.685115895175244,35.53049126974801
57.70254000979966,35.52538564826077
57.71996412442407,35.51922250993073
57.737388239048485,35.51229532788151
57.75481235367289,35.504897575236754
57.77223646829731,35.49732272512011
57.78966058292173,35.4898642506552
57.80708469754613,35.48281562496569
57.82450881217055,35.47609877480905
57.841932926794954,35.46818404867148
57.85935704141937,35.45925796530798
57.876781156043776,35.44977649054217
57.894205270668195,35.44019559019769
57.9116293852926,35.430971230098194
57.92905349991702,35.422559376067305
57.946477614541436,35.415415993928676
57.96390172916584,35.40999704950595
57.98132584379026,35.406758508622744
57.99874995841466,35.40579898938338
58.01617407303908,35.40523885831648
58.033598187663486,35.40473422899997
58.051022302287905,35.40428669542067
58.06844641691231,35.403897851565425
58.08587053153673,35.40356929142107
58.103294646161146,35.40330260897443
58.12071876078555,35.40309939821234
58.13814287540997,35.40296125312164
58.15556699003437,35.40288976768916
58.17299110465879,35.40326264492628
58.190415219283196,35.406613034251635
58.207839333907614,35.412904314343606
58.22526344853202,35.42151714220298
58.24268756315644,35.431832174830554
58.260111677780856,35.44323006922709
58.27753579240526,35.455091482393385
58.29495990702968,35.46679707133021
58.31238402165408,35.47772749303836
58.3298081362785,35.48726340451862
58.347232250902906,35.49505337136462
58.364656365527324,35.50297884665392
58.38208048015173,35.51128342157315
58.39950459477615,35.519660445826204
58.416928709400565,35.52780326911696
58.43435282402497,35.5354052411493
58.45177693864939,35.542159711627114
58.46920105327379,35.547760030254274
58.48662516789821,35.55189954673466
58.504049282522615,35.55427161077216
58.521473397147034,35.554601250291505
58.53889751177144,35.55310751788612
58.55632162639586,35.55010089578366
58.573745741020275,35.54583107049285
58.59116985564468,35.540547728522434
58.6085939702691,35.53450055638111
58.6260180848935,35.52793924057761
58.64344219951792,35.521113467620665
58.660866314142325,35.51427292401899
58.67829042876674,35.5076672962813
58.69571454339115,35.50142595805332
58.713138658015566,35.49413667461868
58.730562772639985,35.485673453316096
58.74798688726439,35.4764865893861
58.76541100188881,35.467026378069235
58.78283511651321,35.45774311460607
58.80025923113763,35.449087094237115
58.817683345762035,35.44150861220295
58.83510746038645,35.43545796374411
58.85253157501086,35.43138544410114
58.869955689635276,35.42964132221214
58.887379804259695,35.428660278921825
58.9048039188841,35.427765298252076
58.92222803350852,35.42696115295899
58.93965214813292,35.42625261579861
58.95707626275734,35.42564445952705
58.974500377381744,35.4251414569004
58.99192449200616,35.424748380674735
59.00934860663058,35.42447000360613
59.026772721254986,35.42431109845068
59.044196835879404,35.42439364122419
59.06162095050381,35.42759848462238
59.07904506512823,35.43451933204847
59.09646917975263,35.44429035158694
59.11389329437705,35.456045711322304
59.131317409001454,35.46891957933901
59.14874152362587,35.48204612372157
59.16616563825029,35.49455951255445
59.183589752874695,35.505593913922134
59.201013867499114,35.51428349590912
59.21843798212352,35.519817150348736
59.23586209674794,35.52372102115485
59.25328621137234,35.52710816305843
59.27071032599676,35.53007764673351
59.288134440621164,35.532728542854116
59.30555855524558,35.535159922094245
59.32298266987,35.53747085512791
59.340406784494405,35.539760412629136
59.357830899118824,35.54212766527194
59.37525501374323,35.544671683730336
59.39267912836765,35.54749230037288
59.41010324299205,35.55069132506175
59.42752735761647,35.55420185062065
59.444951472240874,35.557898058414004
59.46237558686529,35.56165412980625
59.47979970148971,35.56534424616183
59.497223816114115,35.568842588845165
59.51464793073853,35.57202333922073
59.53207204536294,35.57476067865293
59.549496159987356,35.576928788506216
59.56692027461176,35.578404205354566
59.58434438923618,35.57943015873976
59.60176850386058,35.580266080737005
59.619192618485,35.58095678499206
59.63661673310942,35.58154708515063
59.654040847733825,35.582081794858496
59.67146496235824,35.58260572776137
59.68888907698265,35.583163697505
59.706313191607066,35.58380051773513
59.72373730623147,35.584561002097495
59.74116142085589,35.585489952900666
59.75858553548029,35.586615467508146
59.77600965010471,35.58792749461775
59.79343376472913,35.5894121117597
59.810857879353534,35.59105539646421
59.82828199397795,35.59284342626153
59.84570610860236,35.59476227868187
59.863130223226776,35.59679803125548
59.88055433785118,35.59893676151256
59.8979784524756,35.60116454698336
59.9154025671,35.60346746519811
